,Id,Thumbnail,Name,Rating,BusinessName,UnitNo,PhoneNumber,OperationHours,CommunityRating,HighlightItems,FoodCategories
0,9455,https://oss.hawkerpedia.com.sg/hawkerpedia/highlight-item/20201108/e4KuputyzqnD_localhandmadepau_sf.jpg,Local Handmade Pau,70,Old Airport Road Blk 51,01-01,,Mon - Sun: 7am-10pm,81.0,"[{'Name': 'Dim Sum', 'Description': None, 'Image': '', 'RedirectUrl': None, 'Type': 1, 'Rating': 99}, {'Name': '', 'Description': '', 'Image': 'https://ewr1.vultrobjects.com/hawkerpedia/highlight-item/20201108/e4KuputyzqnD_localhandmadepau_sf.jpg', 'RedirectUrl': '', 'Type': 0, 'Rating': 99}]",['Dim Sum']
1,9456,https://oss.hawkerpedia.com.sg/hawkerpedia/highlight-item/20201108/otzJTVoCND1W_huahee_sf.jpg,Hua Kee Hougang Famous Wanton Mee,75,Old Airport Road Blk 51,01-02,,Mon - Sun: 8am-10.30pm,0.0,"[{'Name': 'Wanton Mee', 'Description': None, 'Image': '', 'RedirectUrl': None, 'Type': 1, 'Rating': 99}, {'Name': '', 'Description': '', 'Image': 'https://ewr1.vultrobjects.com/hawkerpedia/highlight-item/20201108/otzJTVoCND1W_huahee_sf.jpg', 'RedirectUrl': '', 'Type': 0, 'Rating': 99}]",['Wanton Mee']
2,9457,https://oss.hawkerpedia.com.sg/hawkerpedia/highlight-item/20201108/dculFdul8h24_meixin_sf.jpg,Mei Xin Coffee Stall,0,Old Airport Road Blk 51,01-03,,,0.0,"[{'Name': 'Beverages', 'Description': None, 'Image': '', 'RedirectUrl': None, 'Type': 1, 'Rating': 99}, {'Name': '', 'Description': '', 'Image': 'https://ewr1.vultrobjects.com/hawkerpedia/highlight-item/20201108/dculFdul8h24_meixin_sf.jpg', 'RedirectUrl': '', 'Type': 0, 'Rating': 99}]",['Beverages']
3,9458,https://oss.hawkerpedia.com.sg/hawkerpedia/highlight-item/20201108/USTC3g4PkyHc_victors_sf.jpg,Victor's Ri Ben Xiao Chi,71,Old Airport Road Blk 51,01-05,,"Sun - Fri: 11am-3pm, 5pm-8.30pm, Sat: 11am-9pm",80.0,"[{'Name': 'Japanese', 'Description': None, 'Image': '', 'RedirectUrl': None, 'Type': 1, 'Rating': 99}, {'Name': '', 'Description': '', 'Image': 'https://ewr1.vultrobjects.com/hawkerpedia/highlight-item/20201108/USTC3g4PkyHc_victors_sf.jpg', 'RedirectUrl': '', 'Type': 0, 'Rating': 99}]",['Japanese Cuisine']
4,9459,https://oss.hawkerpedia.com.sg/hawkerpedia/highlight-item/20201108/YJPsHP7S0Ij0_kimsatay_sf.jpg,Kim Satay,60,Old Airport Road Blk 51,01-06,,"Thu - Tue: 2pm-11pm, Closed on Wed",0.0,"[{'Name': 'Satay', 'Description': None, 'Image': '', 'RedirectUrl': None, 'Type': 1, 'Rating': 99}, {'Name': 'Muah Chee', 'Description': None, 'Image': '', 'RedirectUrl': None, 'Type': 1, 'Rating': 99}, {'Name': '', 'Description': '', 'Image': 'https://ewr1.vultrobjects.com/hawkerpedia/highlight-item/20201108/YJPsHP7S0Ij0_kimsatay_sf.jpg', 'RedirectUrl': '', 'Type': 0, 'Rating': 99}]","['Satay', 'Muah Chee']"
5,9460,https://oss.hawkerpedia.com.sg/hawkerpedia/hawker-centre-manually/Blk 51 Old Airport Road/xinxin_sf.jpg,Xin Xin Yong Tau Foo,70,Old Airport Road Blk 51,01-07,,Mon - Sun: 8.30am-11pm,70.0,"[{'Name': 'Yong Tau Foo', 'Description': None, 'Image': '', 'RedirectUrl': None, 'Type': 1, 'Rating': 99}, {'Name': '', 'Description': None, 'Image': 'https://ewr1.vultrobjects.com/hawkerpedia/hawker-centre-manually/Blk 51 Old Airport Road/xinxin_sf.jpg', 'RedirectUrl': None, 'Type': 0, 'Rating': 99}]",['Yong Tau Foo']
6,9461,https://oss.hawkerpedia.com.sg/hawkerpedia/highlight-item/20201108/yLtOmNaXIenU_londongrill_sf.jpg,London Grill,65,Old Airport Road Blk 51,01-08,,Mon - Sun: 1pm-10pm,0.0,"[{'Name': 'Western', 'Description': None, 'Image': '', 'RedirectUrl': None, 'Type': 1, 'Rating': 99}, {'Name': '', 'Description': '', 'Image': 'https://ewr1.vultrobjects.com/hawkerpedia/highlight-item/20201108/yLtOmNaXIenU_londongrill_sf.jpg', 'RedirectUrl': '', 'Type': 0, 'Rating': 99}]",['Western Cuisine']
7,9462,https://oss.hawkerpedia.com.sg/hawkerpedia/highlight-item/20201108/bdwPCU4DT3GU_albertstreet_sf.jpg,Albert Street Prawn Noodle,72,Old Airport Road Blk 51,01-10,,"Thu - Tue: 9am-10pm, Closed on Wed",0.0,"[{'Name': 'Prawn Noodles', 'Description': None, 'Image': '', 'RedirectUrl': None, 'Type': 1, 'Rating': 99}, {'Name': '', 'Description': '', 'Image': 'https://ewr1.vultrobjects.com/hawkerpedia/highlight-item/20201108/bdwPCU4DT3GU_albertstreet_sf.jpg', 'RedirectUrl': '', 'Type': 0, 'Rating': 99}]",['Prawn Noodles']
8,9463,https://oss.hawkerpedia.com.sg/hawkerpedia/highlight-item/20201108/o9iaAaFNKN5L_orchidcoffee_sf.jpg,Orchid Coffee Stall,0,Old Airport Road Blk 51,01-11,,Mon - Sun: 10am-Midnight,77.0,"[{'Name': 'Beverages', 'Description': None, 'Image': '', 'RedirectUrl': None, 'Type': 1, 'Rating': 99}, {'Name': '', 'Description': '', 'Image': 'https://ewr1.vultrobjects.com/hawkerpedia/highlight-item/20201108/o9iaAaFNKN5L_orchidcoffee_sf.jpg', 'RedirectUrl': '', 'Type': 0, 'Rating': 99}]",['Beverages']
9,9464,https://oss.hawkerpedia.com.sg/hawkerpedia/highlight-item/20201108/bcZbCMTuHjz6_laofuzi_sf.jpg,Lao Fu Zi Fried Kway Teow,78,Old Airport Road Blk 51,01-12,,"Mon - Fri: 11.30am-11pm, Sat & Sun: 10am-11pm",76.0,"[{'Name': 'Char Kway Teow', 'Description': None, 'Image': '', 'RedirectUrl': None, 'Type': 1, 'Rating': 99}, {'Name': '', 'Description': '', 'Image': 'https://ewr1.vultrobjects.com/hawkerpedia/highlight-item/20201108/bcZbCMTuHjz6_laofuzi_sf.jpg', 'RedirectUrl': '', 'Type': 0, 'Rating': 99}, {'Name': '', 'Description': '', 'Image': 'https://ewr1.vultrobjects.com/hawkerpedia/article/20201113/CBNDfXDBYVwZ_LFZ.jpg', 'RedirectUrl': '', 'Type': 0, 'Rating': 99}, {'Name': '', 'Description': '', 'Image': 'https://ewr1.vultrobjects.com/hawkerpedia/article/20201113/FpzG762ZblOY_Lao%20Fu%20Zi%20Fried%20Kway%20Teow%20Black_6.JPG', 'RedirectUrl': '', 'Type': 0, 'Rating': 99}, {'Name': '', 'Description': '', 'Image': 'https://hawkerpedia.ewr1.vultrobjects.com/article/20211113/5hza9zCaCJ9p_189163616_333553851464447_7640239437240086992_n.jpeg', 'RedirectUrl': '', 'Type': 0, 'Rating': 99}]",['Char Kway Teow']
10,9465,https://oss.hawkerpedia.com.sg/hawkerpedia/highlight-item/20201108/5iMMsfrD4dRQ_mqbeverage_sf.jpg,MQ Beverage,0,Old Airport Road Blk 51,01-14,,,75.0,"[{'Name': 'Beverages', 'Description': None, 'Image': '', 'RedirectUrl': None, 'Type': 1, 'Rating': 99}, {'Name': '', 'Description': '', 'Image': 'https://ewr1.vultrobjects.com/hawkerpedia/highlight-item/20201108/5iMMsfrD4dRQ_mqbeverage_sf.jpg', 'RedirectUrl': '', 'Type': 0, 'Rating': 99}]",['Beverages']
11,9466,https://oss.hawkerpedia.com.sg/hawkerpedia/hawker-centre-manually/Blk 51 Old Airport Road/drinks_m1.jpg,Drinks Stall,0,Old Airport Road Blk 51,01-15,,,70.0,"[{'Name': '', 'Description': None, 'Image': 'https://ewr1.vultrobjects.com/hawkerpedia/hawker-centre-manually/Blk 51 Old Airport Road/drinks_m1.jpg', 'RedirectUrl': None, 'Type': 0, 'Rating': 99}, {'Name': 'Beverages', 'Description': None, 'Image': '', 'RedirectUrl': None, 'Type': 1, 'Rating': 99}]",['Beverages']
12,9467,https://oss.hawkerpedia.com.sg/hawkerpedia/highlight-item/20201108/ZvHnR6UF5s9w_yijigangshishao_sf.jpg,Yi Ji Gang Shi Shao La Mian Jia,68,Old Airport Road Blk 51,01-16,,"Tue - Sun: 12pm-10.30pm, Closed on Mon",67.0,"[{'Name': 'Char Siew Rice', 'Description': None, 'Image': '', 'RedirectUrl': None, 'Type': 1, 'Rating': 99}, {'Name': 'Roast Meat', 'Description': None, 'Image': '', 'RedirectUrl': None, 'Type': 1, 'Rating': 99}, {'Name': '', 'Description': '', 'Image': 'https://ewr1.vultrobjects.com/hawkerpedia/highlight-item/20201108/ZvHnR6UF5s9w_yijigangshishao_sf.jpg', 'RedirectUrl': '', 'Type': 0, 'Rating': 99}]","['Char Siew', 'Siew Yoke', 'Roast Meat', 'Roast Pork', 'Roast Duck']"
13,9468,https://oss.hawkerpedia.com.sg/hawkerpedia/hawker-centre-manually/Blk 51 Old Airport Road/manyuangourmet_sf.jpg,Man Yuan Gourmet,66,Old Airport Road Blk 51,01-17,,Mon - Sun: 9am-10pm,0.0,"[{'Name': 'Fishball Noodles', 'Description': None, 'Image': '', 'RedirectUrl': None, 'Type': 1, 'Rating': 99}, {'Name': 'Laksa', 'Description': None, 'Image': '', 'RedirectUrl': None, 'Type': 1, 'Rating': 99}, {'Name': '', 'Description': None, 'Image': 'https://ewr1.vultrobjects.com/hawkerpedia/hawker-centre-manually/Blk 51 Old Airport Road/manyuangourmet_sf.jpg', 'RedirectUrl': None, 'Type': 0, 'Rating': 99}]","['Fishball Noodles', 'Laksa']"
14,9469,https://oss.hawkerpedia.com.sg/hawkerpedia/highlight-item/20201108/9Q3LlROt6DWD_mamarecipe_sf.jpg,Mama Recipe Briyani Rice,67,Old Airport Road Blk 51,01-18,,"Sun - Fri: 11am-8pm, Closed on Sat",0.0,"[{'Name': 'Nasi Biryani', 'Description': None, 'Image': '', 'RedirectUrl': None, 'Type': 1, 'Rating': 99}, {'Name': 'Rendang Mutton', 'Description': None, 'Image': '', 'RedirectUrl': None, 'Type': 1, 'Rating': 99}, {'Name': '', 'Description': '', 'Image': 'https://ewr1.vultrobjects.com/hawkerpedia/highlight-item/20201108/9Q3LlROt6DWD_mamarecipe_sf.jpg', 'RedirectUrl': '', 'Type': 0, 'Rating': 99}]","['Biryani', 'Rendang']"
15,9470,https://oss.hawkerpedia.com.sg/hawkerpedia/highlight-item/20201108/6BDaRQ4aX88i_jackskitchen_sf.jpg,Jack's Kitchen,60,Old Airport Road Blk 51,01-19,,Mon - Sun: 9am-9pm,0.0,"[{'Name': 'Western', 'Description': None, 'Image': '', 'RedirectUrl': None, 'Type': 1, 'Rating': 99}, {'Name': '', 'Description': '', 'Image': 'https://ewr1.vultrobjects.com/hawkerpedia/highlight-item/20201108/6BDaRQ4aX88i_jackskitchen_sf.jpg', 'RedirectUrl': '', 'Type': 0, 'Rating': 99}]",['Western Cuisine']
16,9471,https://oss.hawkerpedia.com.sg/hawkerpedia/hawker-centre-manually/Blk 51 Old Airport Road/choozaizhai_sf.jpg,Choo Zai Zhai Vegetarian Food,71,Old Airport Road Blk 51,01-20,,"Wed - Mon: 12pm-9pm, Tue: 11am-10.30pm",74.0,"[{'Name': 'Vegetarian', 'Description': None, 'Image': '', 'RedirectUrl': None, 'Type': 1, 'Rating': 99}, {'Name': '', 'Description': None, 'Image': 'https://ewr1.vultrobjects.com/hawkerpedia/hawker-centre-manually/Blk 51 Old Airport Road/choozaizhai_sf.jpg', 'RedirectUrl': None, 'Type': 0, 'Rating': 99}]",['Vegetarian']
17,9472,https://oss.hawkerpedia.com.sg/hawkerpedia/highlight-item/20201108/UOBZ0z583EkV_ahwen_sf.jpg,Ah Wen Lao Huo Tang,71,Old Airport Road Blk 51,01-21,,,0.0,"[{'Name': 'Herbal Soup', 'Description': None, 'Image': '', 'RedirectUrl': None, 'Type': 1, 'Rating': 99}, {'Name': '', 'Description': '', 'Image': 'https://ewr1.vultrobjects.com/hawkerpedia/highlight-item/20201108/UOBZ0z583EkV_ahwen_sf.jpg', 'RedirectUrl': '', 'Type': 0, 'Rating': 99}]",['Herbal Soup']
18,9473,https://oss.hawkerpedia.com.sg/hawkerpedia/highlight-item/20201108/lg3S7kCBb4qO_hocklam_sf.jpg,Hock Lam Street Popular Beef Kway Teow,77,Old Airport Road Blk 51,01-22,,"Tue - Sun: 10.30am-8.30pm, Closed on Mon",77.0,"[{'Name': 'Beef Noodles', 'Description': None, 'Image': '', 'RedirectUrl': None, 'Type': 1, 'Rating': 99}, {'Name': '', 'Description': '', 'Image': 'https://ewr1.vultrobjects.com/hawkerpedia/highlight-item/20201108/lg3S7kCBb4qO_hocklam_sf.jpg', 'RedirectUrl': '', 'Type': 0, 'Rating': 99}]",['Beef Noodles']
19,9474,https://oss.hawkerpedia.com.sg/hawkerpedia/highlight-item/20201108/jhJCjyVicFK4_dejiqushiniandai_sf.jpg,De Ji Wu Shi Nian Dai,0,Old Airport Road Blk 51,01-23,,,67.0,"[{'Name': 'Beverages', 'Description': None, 'Image': '', 'RedirectUrl': None, 'Type': 1, 'Rating': 99}, {'Name': '', 'Description': '', 'Image': 'https://ewr1.vultrobjects.com/hawkerpedia/highlight-item/20201108/jhJCjyVicFK4_dejiqushiniandai_sf.jpg', 'RedirectUrl': '', 'Type': 0, 'Rating': 99}]",['Beverages']
20,9475,https://oss.hawkerpedia.com.sg/hawkerpedia/highlight-item/20201108/DTpaBpdJIaqR_tangji_sf.jpg,Tang Ji Charcoal BBQ,70,Old Airport Road Blk 51,01-24,,,70.0,"[{'Name': 'BBQ Chicken', 'Description': None, 'Image': '', 'RedirectUrl': None, 'Type': 1, 'Rating': 99}, {'Name': '', 'Description': '', 'Image': 'https://ewr1.vultrobjects.com/hawkerpedia/highlight-item/20201108/DTpaBpdJIaqR_tangji_sf.jpg', 'RedirectUrl': '', 'Type': 0, 'Rating': 99}]",['BBQ Chicken']
21,9476,https://oss.hawkerpedia.com.sg/hawkerpedia/hawker-centre-manually/Blk 51 Old Airport Road/khenghaihui_sf.jpg,Kheng Hai Hui Boneless Chicken Rice,69,Old Airport Road Blk 51,01-25,,Mon - Sun: 9am-9pm,0.0,"[{'Name': 'Chicken Rice', 'Description': None, 'Image': '', 'RedirectUrl': None, 'Type': 1, 'Rating': 99}, {'Name': '', 'Description': None, 'Image': 'https://ewr1.vultrobjects.com/hawkerpedia/hawker-centre-manually/Blk 51 Old Airport Road/khenghaihui_sf.jpg', 'RedirectUrl': None, 'Type': 0, 'Rating': 99}]",['Chicken Rice & Noodles']
22,9477,https://oss.hawkerpedia.com.sg/hawkerpedia/hawker-centre-manually/Blk 51 Old Airport Road/carrotcake_sf.jpg,01-26 Carrot Cake,66,Old Airport Road Blk 51,01-26,,Mon - Sun: 8am-1pm,72.0,"[{'Name': 'Carrot Cake', 'Description': None, 'Image': '', 'RedirectUrl': None, 'Type': 1, 'Rating': 99}, {'Name': 'Hokkien Mee', 'Description': None, 'Image': '', 'RedirectUrl': None, 'Type': 1, 'Rating': 99}, {'Name': '', 'Description': None, 'Image': 'https://ewr1.vultrobjects.com/hawkerpedia/hawker-centre-manually/Blk 51 Old Airport Road/carrotcake_sf.jpg', 'RedirectUrl': None, 'Type': 0, 'Rating': 99}]","['Carrot Cake', 'Hokkien Mee']"
23,9478,https://oss.hawkerpedia.com.sg/hawkerpedia/highlight-item/20201108/p4ow8544ZSSg_holygrill_sf.jpg,Holy Grill Authentic Western Cuisine,78,Old Airport Road Blk 51,01-27,,Mon - Sun: 11.30am-9pm,0.0,"[{'Name': 'Western', 'Description': None, 'Image': '', 'RedirectUrl': None, 'Type': 1, 'Rating': 99}, {'Name': '', 'Description': '', 'Image': 'https://ewr1.vultrobjects.com/hawkerpedia/highlight-item/20201108/p4ow8544ZSSg_holygrill_sf.jpg', 'RedirectUrl': '', 'Type': 0, 'Rating': 99}]",['Western Cuisine']
24,9479,https://oss.hawkerpedia.com.sg/hawkerpedia/highlight-item/20201108/5qXlZLZMtZQU_xingli_sf.jpg,Xing Li Cooked Food,83,Old Airport Road Blk 51,01-28,,"Thu - Tue: 11am-11pm, Closed on Wed",80.0,"[{'Name': 'Oyster Omelette', 'Description': None, 'Image': '', 'RedirectUrl': None, 'Type': 1, 'Rating': 99}, {'Name': '', 'Description': '', 'Image': 'https://ewr1.vultrobjects.com/hawkerpedia/highlight-item/20201108/5qXlZLZMtZQU_xingli_sf.jpg', 'RedirectUrl': '', 'Type': 0, 'Rating': 99}]",['Oyster Omelette']
25,9480,https://oss.hawkerpedia.com.sg/hawkerpedia/hawker-centre-manually/Blk 51 Old Airport Road/sengkee_sf.jpg,Seng Kee Ngo Hiang Prawn Cracker,72,Old Airport Road Blk 51,01-29,,Mon - Sun: 5pm-Midnight,72.0,"[{'Name': 'Ngo Hiang', 'Description': None, 'Image': '', 'RedirectUrl': None, 'Type': 1, 'Rating': 99}, {'Name': 'Prawn Cracker', 'Description': None, 'Image': '', 'RedirectUrl': None, 'Type': 1, 'Rating': 99}, {'Name': '', 'Description': None, 'Image': 'https://ewr1.vultrobjects.com/hawkerpedia/hawker-centre-manually/Blk 51 Old Airport Road/sengkee_sf.jpg', 'RedirectUrl': None, 'Type': 0, 'Rating': 99}]","['Ngoh Hiang', 'Prawn Fritters']"
26,9481,https://oss.hawkerpedia.com.sg/hawkerpedia/highlight-item/20201108/AVEiQglXzC1f_qiurong_sf.jpg,Qiurong Ban Mian,76,Old Airport Road Blk 51,01-30,,Mon - Sun: 11.30am-11pm,0.0,"[{'Name': 'Ban Mian', 'Description': None, 'Image': '', 'RedirectUrl': None, 'Type': 1, 'Rating': 99}, {'Name': '', 'Description': '', 'Image': 'https://ewr1.vultrobjects.com/hawkerpedia/highlight-item/20201108/AVEiQglXzC1f_qiurong_sf.jpg', 'RedirectUrl': '', 'Type': 0, 'Rating': 99}]",['Ban Mian']
27,9482,https://oss.hawkerpedia.com.sg/hawkerpedia/highlight-item/20201108/YmqQyhKbXif2_icedessert_sf.jpg,Ice Dessert,68,Old Airport Road Blk 51,01-31,,"Wed - Mon: 11am-10pm, Closed on Tue",72.0,"[{'Name': 'Desserts', 'Description': None, 'Image': '', 'RedirectUrl': None, 'Type': 1, 'Rating': 99}, {'Name': '', 'Description': '', 'Image': 'https://ewr1.vultrobjects.com/hawkerpedia/highlight-item/20201108/YmqQyhKbXif2_icedessert_sf.jpg', 'RedirectUrl': '', 'Type': 0, 'Rating': 99}]",['Dessert']
28,9483,https://oss.hawkerpedia.com.sg/hawkerpedia/highlight-item/20201108/XhULdkmd1sl4_namsing_sf.jpg,Nam Sing Hokkien Fried Mee,65,Old Airport Road Blk 51,01-32,,"Tue - Sun: 10am-6pm, Closed on Mon, 1st & 15th day of Lunar Calendar",70.0,"[{'Name': 'Hokkien Mee', 'Description': None, 'Image': '', 'RedirectUrl': None, 'Type': 1, 'Rating': 99}, {'Name': '', 'Description': '', 'Image': 'https://ewr1.vultrobjects.com/hawkerpedia/highlight-item/20201108/XhULdkmd1sl4_namsing_sf.jpg', 'RedirectUrl': '', 'Type': 0, 'Rating': 99}]",['Hokkien Mee']
29,9484,https://oss.hawkerpedia.com.sg/hawkerpedia/highlight-item/20201108/LDc7N2AzIb5w_bnr_sf.jpg,BNR Coffee & Tea,0,Old Airport Road Blk 51,01-33,,Mon - Sun: 6.45am-4.30pm,81.0,"[{'Name': 'Beverages', 'Description': None, 'Image': '', 'RedirectUrl': None, 'Type': 1, 'Rating': 99}, {'Name': '', 'Description': '', 'Image': 'https://ewr1.vultrobjects.com/hawkerpedia/highlight-item/20201108/LDc7N2AzIb5w_bnr_sf.jpg', 'RedirectUrl': '', 'Type': 0, 'Rating': 99}]",['Beverages']
30,9485,https://oss.hawkerpedia.com.sg/hawkerpedia/hawker-centre-manually/Blk 51 Old Airport Road/huakee_sf.jpg,Hua Kee Hainanese Chicken Rice,71,Old Airport Road Blk 51,01-35,,"Wed - Sun: 8am-12.30pm, Closed on Mon & Tue",74.0,"[{'Name': 'Chicken Rice', 'Description': None, 'Image': '', 'RedirectUrl': None, 'Type': 1, 'Rating': 99}, {'Name': 'Char Siew Rice', 'Description': None, 'Image': '', 'RedirectUrl': None, 'Type': 1, 'Rating': 99}, {'Name': '', 'Description': None, 'Image': 'https://ewr1.vultrobjects.com/hawkerpedia/hawker-centre-manually/Blk 51 Old Airport Road/huakee_sf.jpg', 'RedirectUrl': None, 'Type': 0, 'Rating': 99}]","['Chicken Rice & Noodles', 'Char Siew', 'Siew Yoke', 'Roast Meat', 'Roast Pork', 'Roast Duck']"
31,9486,https://oss.hawkerpedia.com.sg/hawkerpedia/highlight-item/20201108/DkgbH6kxaMk7_limhim_sf.jpg,Lim Him Juice Stall,0,Old Airport Road Blk 51,01-36,,"Tue - Sun: 9am-9pm, Closed on Mon",0.0,"[{'Name': 'Beverages', 'Description': None, 'Image': '', 'RedirectUrl': None, 'Type': 1, 'Rating': 99}, {'Name': 'Fruits', 'Description': None, 'Image': '', 'RedirectUrl': None, 'Type': 1, 'Rating': 99}, {'Name': '', 'Description': '', 'Image': 'https://ewr1.vultrobjects.com/hawkerpedia/highlight-item/20201108/DkgbH6kxaMk7_limhim_sf.jpg', 'RedirectUrl': '', 'Type': 0, 'Rating': 99}]","['Beverages', 'Fruits & Juices']"
32,9487,https://oss.hawkerpedia.com.sg/hawkerpedia/hawker-centre-manually/Blk 51 Old Airport Road/rujikitchen_sf.jpg,Ru Ji Kitchen,71,Old Airport Road Blk 51,01-37,,Mon - Sun: 7.30am-2pm,0.0,"[{'Name': 'Fishball Noodles', 'Description': None, 'Image': '', 'RedirectUrl': None, 'Type': 1, 'Rating': 99}, {'Name': '', 'Description': None, 'Image': 'https://ewr1.vultrobjects.com/hawkerpedia/hawker-centre-manually/Blk 51 Old Airport Road/rujikitchen_sf.jpg', 'RedirectUrl': None, 'Type': 0, 'Rating': 99}, {'Name': '', 'Description': None, 'Image': 'https://ewr1.vultrobjects.com/hawkerpedia/hawker-centre-manually/Blk 51 Old Airport Road/rujikitchen_m1.jpg', 'RedirectUrl': None, 'Type': 0, 'Rating': 99}]",['Fishball Noodles']
33,9488,https://oss.hawkerpedia.com.sg/hawkerpedia/highlight-item/20201108/mo5dHt0xWXBD_js_sf.jpg,JS Economic Bee Hoon,68,Old Airport Road Blk 51,01-38,,,0.0,"[{'Name': 'Bee Hoon', 'Description': None, 'Image': '', 'RedirectUrl': None, 'Type': 1, 'Rating': 99}, {'Name': '', 'Description': '', 'Image': 'https://ewr1.vultrobjects.com/hawkerpedia/highlight-item/20201108/mo5dHt0xWXBD_js_sf.jpg', 'RedirectUrl': '', 'Type': 0, 'Rating': 99}]",['Economy Bee Hoon']
34,9489,https://oss.hawkerpedia.com.sg/hawkerpedia/hawker-centre-manually/Blk 51 Old Airport Road/delisnacks_sf.jpg,Delisnacks,73,Old Airport Road Blk 51,01-40,,,0.0,"[{'Name': 'Hum Chee Peng', 'Description': None, 'Image': '', 'RedirectUrl': None, 'Type': 1, 'Rating': 99}, {'Name': 'You Tiao', 'Description': None, 'Image': '', 'RedirectUrl': None, 'Type': 1, 'Rating': 99}, {'Name': '', 'Description': None, 'Image': 'https://ewr1.vultrobjects.com/hawkerpedia/hawker-centre-manually/Blk 51 Old Airport Road/delisnacks_sf.jpg', 'RedirectUrl': None, 'Type': 0, 'Rating': 99}]",['You Tiao']
35,9490,https://oss.hawkerpedia.com.sg/hawkerpedia/highlight-item/20201108/jf3hVy21KE4T_changkeehandmade_sf.jpg,Chang Kee Handmade Fishball,72,Old Airport Road Blk 51,01-41,,,71.0,"[{'Name': 'Fishball Noodles', 'Description': None, 'Image': '', 'RedirectUrl': None, 'Type': 1, 'Rating': 99}, {'Name': '', 'Description': '', 'Image': 'https://ewr1.vultrobjects.com/hawkerpedia/highlight-item/20201108/jf3hVy21KE4T_changkeehandmade_sf.jpg', 'RedirectUrl': '', 'Type': 0, 'Rating': 99}]",['Fishball Noodles']
36,9491,https://oss.hawkerpedia.com.sg/hawkerpedia/hawker-centre-manually/Blk 51 Old Airport Road/selerarasa_sf.jpg,Selera Rasa,73,Old Airport Road Blk 51,01-42,,"Mon - Fri: 11am-1.30pm, Closed on Sat & Sun",0.0,"[{'Name': 'Nasi Biryani', 'Description': None, 'Image': '', 'RedirectUrl': None, 'Type': 1, 'Rating': 99}, {'Name': '', 'Description': None, 'Image': 'https://ewr1.vultrobjects.com/hawkerpedia/hawker-centre-manually/Blk 51 Old Airport Road/selerarasa_sf.jpg', 'RedirectUrl': None, 'Type': 0, 'Rating': 99}]",['Biryani']
37,9492,https://oss.hawkerpedia.com.sg/hawkerpedia/hawker-centre-manually/Blk 51 Old Airport Road/jiamei_sf.jpg,Jia Mei Mian Bao,71,Old Airport Road Blk 51,01-43,,Mon - Sun: 8am-7pm,72.0,"[{'Name': 'Bread', 'Description': None, 'Image': '', 'RedirectUrl': None, 'Type': 1, 'Rating': 99}, {'Name': '', 'Description': None, 'Image': 'https://ewr1.vultrobjects.com/hawkerpedia/hawker-centre-manually/Blk 51 Old Airport Road/jiamei_sf.jpg', 'RedirectUrl': None, 'Type': 0, 'Rating': 99}]",['Bread']
38,9493,https://oss.hawkerpedia.com.sg/hawkerpedia/highlight-item/20201108/K2Mom5YcfZSW_baobutong_sf.jpg,Bao Bu Tong,68,Old Airport Road Blk 51,01-44,,"Wed - Mon: 9.30am-11pm, Closed on Tue",66.0,"[{'Name': 'Dim Sum', 'Description': None, 'Image': '', 'RedirectUrl': None, 'Type': 1, 'Rating': 99}, {'Name': '', 'Description': '', 'Image': 'https://ewr1.vultrobjects.com/hawkerpedia/highlight-item/20201108/K2Mom5YcfZSW_baobutong_sf.jpg', 'RedirectUrl': '', 'Type': 0, 'Rating': 99}]",['Dim Sum']
39,9494,https://oss.hawkerpedia.com.sg/hawkerpedia/highlight-item/20201108/bMJNKld7YtZC_safura_sf.jpg,Safura Muslim Food,73,Old Airport Road Blk 51,01-48,,Mon - Sun: 8am-9pm,75.0,"[{'Name': 'Ayam Penyet', 'Description': None, 'Image': '', 'RedirectUrl': None, 'Type': 1, 'Rating': 99}, {'Name': 'Nasi Ayam', 'Description': None, 'Image': '', 'RedirectUrl': None, 'Type': 1, 'Rating': 99}, {'Name': '', 'Description': '', 'Image': 'https://ewr1.vultrobjects.com/hawkerpedia/highlight-item/20201108/bMJNKld7YtZC_safura_sf.jpg', 'RedirectUrl': '', 'Type': 0, 'Rating': 99}]","['Ayam Penyet', 'Chicken Rice & Noodles']"
40,9495,https://oss.hawkerpedia.com.sg/hawkerpedia/highlight-item/20201108/DXCS49i72EeK_ngtongsan_sf.jpg,Ng Tong San Herb Tea,0,Old Airport Road Blk 51,01-50,,Mon - Sun: 7.30am-11pm,81.0,"[{'Name': 'Beverages', 'Description': None, 'Image': '', 'RedirectUrl': None, 'Type': 1, 'Rating': 99}, {'Name': '', 'Description': '', 'Image': 'https://ewr1.vultrobjects.com/hawkerpedia/highlight-item/20201108/DXCS49i72EeK_ngtongsan_sf.jpg', 'RedirectUrl': '', 'Type': 0, 'Rating': 99}]",['Beverages']
41,9496,https://oss.hawkerpedia.com.sg/hawkerpedia/highlight-item/20201108/8kvLOddpMwQr_toasthut_sf.jpg,Toast Hut Roti Bakar,72,Old Airport Road Blk 51,01-52,,"Mon - Sat: 6am-1.30pm, Closed on Sun",0.0,"[{'Name': 'Bread', 'Description': None, 'Image': '', 'RedirectUrl': None, 'Type': 1, 'Rating': 99}, {'Name': '', 'Description': '', 'Image': 'https://ewr1.vultrobjects.com/hawkerpedia/highlight-item/20201108/8kvLOddpMwQr_toasthut_sf.jpg', 'RedirectUrl': '', 'Type': 0, 'Rating': 99}]",['Bread']
42,9497,https://oss.hawkerpedia.com.sg/hawkerpedia/highlight-item/20201108/UTaQ9VnyTMGY_westernbbq_sf.jpg,Western BBQ,65,Old Airport Road Blk 51,01-53,,Mon - Sun: 11am-11pm,0.0,"[{'Name': 'Western', 'Description': None, 'Image': '', 'RedirectUrl': None, 'Type': 1, 'Rating': 99}, {'Name': '', 'Description': '', 'Image': 'https://ewr1.vultrobjects.com/hawkerpedia/highlight-item/20201108/UTaQ9VnyTMGY_westernbbq_sf.jpg', 'RedirectUrl': '', 'Type': 0, 'Rating': 99}]",['Western Cuisine']
43,9498,https://oss.hawkerpedia.com.sg/hawkerpedia/hawker-centre-manually/Blk 51 Old Airport Road/friedoyster_sf.jpg,Famous Old Airport Road Fried Oyster,70,Old Airport Road Blk 51,01-54,,"Mon, Wed - Fri, Sun: 11am-2pm, 5.30pm-9.30pm, Tue: 11am-2pm, Sat: 11am-9.30pm",80.0,"[{'Name': 'Fried Oyster', 'Description': None, 'Image': '', 'RedirectUrl': None, 'Type': 1, 'Rating': 99}, {'Name': '', 'Description': None, 'Image': 'https://ewr1.vultrobjects.com/hawkerpedia/hawker-centre-manually/Blk 51 Old Airport Road/friedoyster_sf.jpg', 'RedirectUrl': None, 'Type': 0, 'Rating': 99}]",['Fried Oyster']
44,9499,https://oss.hawkerpedia.com.sg/hawkerpedia/highlight-item/20201108/VX8HlOVeIuZ8_famouskallangairportfriedoyster_sf.jpg,Famous Kallang Airport Fried Oyster,74,Old Airport Road Blk 51,01-55,,,0.0,"[{'Name': 'BBQ Chicken', 'Description': None, 'Image': '', 'RedirectUrl': None, 'Type': 1, 'Rating': 99}, {'Name': 'Oyster Omelette', 'Description': None, 'Image': '', 'RedirectUrl': None, 'Type': 1, 'Rating': 99}, {'Name': '', 'Description': '', 'Image': 'https://ewr1.vultrobjects.com/hawkerpedia/highlight-item/20201108/VX8HlOVeIuZ8_famouskallangairportfriedoyster_sf.jpg', 'RedirectUrl': '', 'Type': 0, 'Rating': 99}]","['BBQ Chicken', 'Oyster Omelette']"
45,9500,https://oss.hawkerpedia.com.sg/hawkerpedia/hawker-centre-manually/Blk 51 Old Airport Road/zhongzhong_sf.jpg,Zhong Zhong Wu Xiang Xia Bing,71,Old Airport Road Blk 51,01-56,,"Mon - Sun: 11.30am-2.30pm, 5pm-10pm",70.0,"[{'Name': 'Prawn Cracker', 'Description': None, 'Image': '', 'RedirectUrl': None, 'Type': 1, 'Rating': 99}, {'Name': '', 'Description': None, 'Image': 'https://ewr1.vultrobjects.com/hawkerpedia/hawker-centre-manually/Blk 51 Old Airport Road/zhongzhong_sf.jpg', 'RedirectUrl': None, 'Type': 0, 'Rating': 99}]",['Prawn Fritters']
46,9501,https://oss.hawkerpedia.com.sg/hawkerpedia/highlight-item/20201108/fMy7bTwhTdBd_geylanglorong20bananafritters_sf.jpg,Geylang Lorong   Banana Fritters,71,Old Airport Road Blk 51,01-57,,"Tue - Sun: 11am-8pm, Closed on Mon",0.0,"[{'Name': 'Banana Fritters', 'Description': None, 'Image': '', 'RedirectUrl': None, 'Type': 1, 'Rating': 99}, {'Name': '', 'Description': '', 'Image': 'https://ewr1.vultrobjects.com/hawkerpedia/highlight-item/20201108/fMy7bTwhTdBd_geylanglorong20bananafritters_sf.jpg', 'RedirectUrl': '', 'Type': 0, 'Rating': 99}]",['Goreng Pisang']
47,9502,https://oss.hawkerpedia.com.sg/hawkerpedia/highlight-item/20201108/hunCdFRHrjmH_changiseafood_sf.jpg,Changi Seafood,71,Old Airport Road Blk 51,01-58,,,0.0,"[{'Name': 'Seafood', 'Description': None, 'Image': '', 'RedirectUrl': None, 'Type': 1, 'Rating': 99}, {'Name': '', 'Description': '', 'Image': 'https://ewr1.vultrobjects.com/hawkerpedia/highlight-item/20201108/hunCdFRHrjmH_changiseafood_sf.jpg', 'RedirectUrl': '', 'Type': 0, 'Rating': 99}]",['Seafood']
48,9503,https://oss.hawkerpedia.com.sg/hawkerpedia/highlight-item/20201108/qjPZJS3qWxqC_jingjingdessert_sf.jpg,Jing Jing Dessert,68,Old Airport Road Blk 51,01-59,,Mon - Sun: 11am-4pm,77.0,"[{'Name': 'Desserts', 'Description': None, 'Image': '', 'RedirectUrl': None, 'Type': 1, 'Rating': 99}, {'Name': '', 'Description': '', 'Image': 'https://ewr1.vultrobjects.com/hawkerpedia/highlight-item/20201108/qjPZJS3qWxqC_jingjingdessert_sf.jpg', 'RedirectUrl': '', 'Type': 0, 'Rating': 99}]",['Dessert']
49,9504,https://oss.hawkerpedia.com.sg/hawkerpedia/highlight-item/20201108/lqmySHVWk5my_caihongporridge_sf.jpg,Cai Hong Porridge,65,Old Airport Road Blk 51,01-60,,,0.0,"[{'Name': 'Porridge', 'Description': None, 'Image': '', 'RedirectUrl': None, 'Type': 1, 'Rating': 99}, {'Name': '', 'Description': '', 'Image': 'https://ewr1.vultrobjects.com/hawkerpedia/highlight-item/20201108/lqmySHVWk5my_caihongporridge_sf.jpg', 'RedirectUrl': '', 'Type': 0, 'Rating': 99}]",['Porridge']
50,9505,https://oss.hawkerpedia.com.sg/hawkerpedia/highlight-item/20201108/nVvNVWJoDoXI_hongyundelicacies_sf.jpg,Hong Yun Delicacies,73,Old Airport Road Blk 51,01-61,,"Wed - Mon: 11am-11pm, Closed on Tue",0.0,"[{'Name': 'Zi Char', 'Description': None, 'Image': '', 'RedirectUrl': None, 'Type': 1, 'Rating': 99}, {'Name': '', 'Description': '', 'Image': 'https://ewr1.vultrobjects.com/hawkerpedia/highlight-item/20201108/nVvNVWJoDoXI_hongyundelicacies_sf.jpg', 'RedirectUrl': '', 'Type': 0, 'Rating': 99}]",['Zi Char']
51,9506,https://oss.hawkerpedia.com.sg/hawkerpedia/highlight-item/20201108/T7GGf7Fdad0w_yana_sf.jpg,Ya Na Drinks Stall,0,Old Airport Road Blk 51,01-62,,Mon - Sun: 12pm-11pm,73.0,"[{'Name': 'Beverages', 'Description': None, 'Image': '', 'RedirectUrl': None, 'Type': 1, 'Rating': 99}, {'Name': '', 'Description': '', 'Image': 'https://ewr1.vultrobjects.com/hawkerpedia/highlight-item/20201108/T7GGf7Fdad0w_yana_sf.jpg', 'RedirectUrl': '', 'Type': 0, 'Rating': 99}]",['Beverages']
52,9507,https://oss.hawkerpedia.com.sg/hawkerpedia/highlight-item/20201108/R8Ch6CghcOjj_mattarroadseafoodbbq_sf.jpg,Mattar Road Seafood BBQ,83,Old Airport Road Blk 51,01-63,,"Thu - Sun: 3pm-9pm, Closed on Mon - Wed",67.0,"[{'Name': 'Seafood', 'Description': None, 'Image': '', 'RedirectUrl': None, 'Type': 1, 'Rating': 99}, {'Name': '', 'Description': '', 'Image': 'https://ewr1.vultrobjects.com/hawkerpedia/highlight-item/20201108/R8Ch6CghcOjj_mattarroadseafoodbbq_sf.jpg', 'RedirectUrl': '', 'Type': 0, 'Rating': 99}]","['Seafood', 'Chilli Crab']"
53,9508,https://oss.hawkerpedia.com.sg/hawkerpedia/hawker-centre-manually/Blk 51 Old Airport Road/curryrice_sf.jpg,Curry Rice,66,Old Airport Road Blk 51,01-64,,"Mon - Sat: 11.30am-4pm, Closed on Sun",0.0,"[{'Name': 'Curry Rice', 'Description': None, 'Image': '', 'RedirectUrl': None, 'Type': 1, 'Rating': 99}, {'Name': '', 'Description': None, 'Image': 'https://ewr1.vultrobjects.com/hawkerpedia/hawker-centre-manually/Blk 51 Old Airport Road/curryrice_sf.jpg', 'RedirectUrl': None, 'Type': 0, 'Rating': 99}]",['Curry']
54,9509,https://oss.hawkerpedia.com.sg/hawkerpedia/hawker-centre-manually/Blk 51 Old Airport Road/guankee_sf.jpg,Guan Kee Cooked Food,71,Old Airport Road Blk 51,01-66,,Mon - Sun: 6.30am-Midnight,74.0,"[{'Name': 'Bee Hoon', 'Description': None, 'Image': '', 'RedirectUrl': None, 'Type': 1, 'Rating': 99}, {'Name': '', 'Description': None, 'Image': 'https://ewr1.vultrobjects.com/hawkerpedia/hawker-centre-manually/Blk 51 Old Airport Road/guankee_sf.jpg', 'RedirectUrl': None, 'Type': 0, 'Rating': 99}]",['Economy Bee Hoon']
55,9510,https://oss.hawkerpedia.com.sg/hawkerpedia/highlight-item/20201108/kHhDeQ89aML0_kheehongrestaurant_sf.jpg,Khee Hong Restaurant,74,Old Airport Road Blk 51,01-67,,Mon - Sun: 11am-11pm,0.0,"[{'Name': 'Zi Char', 'Description': None, 'Image': '', 'RedirectUrl': None, 'Type': 1, 'Rating': 99}, {'Name': '', 'Description': '', 'Image': 'https://ewr1.vultrobjects.com/hawkerpedia/highlight-item/20201108/kHhDeQ89aML0_kheehongrestaurant_sf.jpg', 'RedirectUrl': '', 'Type': 0, 'Rating': 99}]",['Zi Char']
56,9511,https://oss.hawkerpedia.com.sg/hawkerpedia/hawker-centre-manually/Blk 51 Old Airport Road/whampoasoyabean_sf.jpg,Whampoa Soya Bean,74,Old Airport Road Blk 51,01-68,,Mon - Sun: 8am-11pm,77.0,"[{'Name': 'Soya Bean', 'Description': None, 'Image': '', 'RedirectUrl': None, 'Type': 1, 'Rating': 99}, {'Name': 'Bean Curd', 'Description': None, 'Image': '', 'RedirectUrl': None, 'Type': 1, 'Rating': 99}, {'Name': '', 'Description': None, 'Image': 'https://ewr1.vultrobjects.com/hawkerpedia/hawker-centre-manually/Blk 51 Old Airport Road/whampoasoyabean_sf.jpg', 'RedirectUrl': None, 'Type': 0, 'Rating': 99}]",['Soya Bean']
57,9512,https://oss.hawkerpedia.com.sg/hawkerpedia/highlight-item/20201108/AtbxRHxU2iLe_junyuanhouseoffish_sf.jpg,Jun Yuan House of Fish,73,Old Airport Road Blk 51,01-69,,"Fri - Wed: 10.30am-9.30pm, Closed on Thu",67.0,"[{'Name': 'Fish Soup', 'Description': None, 'Image': '', 'RedirectUrl': None, 'Type': 1, 'Rating': 99}, {'Name': 'Seafood Soup', 'Description': None, 'Image': '', 'RedirectUrl': None, 'Type': 1, 'Rating': 99}, {'Name': '', 'Description': '', 'Image': 'https://ewr1.vultrobjects.com/hawkerpedia/highlight-item/20201108/AtbxRHxU2iLe_junyuanhouseoffish_sf.jpg', 'RedirectUrl': '', 'Type': 0, 'Rating': 99}]","['Fish Soup', 'Seafood Soup']"
58,9513,https://oss.hawkerpedia.com.sg/hawkerpedia/highlight-item/20201108/kgqiTEEE3MDD_yifa_sf.jpg,Yi Fa Kway Chap,74,Old Airport Road Blk 51,01-70,,Mon - Sun: 10am-10pm,70.0,"[{'Name': 'Kway Chap', 'Description': None, 'Image': '', 'RedirectUrl': None, 'Type': 1, 'Rating': 99}, {'Name': '', 'Description': '', 'Image': 'https://ewr1.vultrobjects.com/hawkerpedia/highlight-item/20201108/kgqiTEEE3MDD_yifa_sf.jpg', 'RedirectUrl': '', 'Type': 0, 'Rating': 99}]",['Kway Chap']
59,9514,https://oss.hawkerpedia.com.sg/hawkerpedia/hawker-centre-manually/Blk 51 Old Airport Road/friedkwayteow_sf.jpg,Old Airport Road Fried Kway Teow,65,Old Airport Road Blk 51,01-71,,,0.0,"[{'Name': 'Char Kway Teow', 'Description': None, 'Image': '', 'RedirectUrl': None, 'Type': 1, 'Rating': 99}, {'Name': '', 'Description': None, 'Image': 'https://ewr1.vultrobjects.com/hawkerpedia/hawker-centre-manually/Blk 51 Old Airport Road/friedkwayteow_sf.jpg', 'RedirectUrl': None, 'Type': 0, 'Rating': 99}]",['Char Kway Teow']
60,9515,https://oss.hawkerpedia.com.sg/hawkerpedia/stall/20210826/2QttH0IGornl_processed.jpeg,Yi Ji Fried Hokkien Prawn Noodle,85,Old Airport Road Blk 51,01-73,,,75.5,"[{'Name': 'Hokkien Mee', 'Description': None, 'Image': '', 'RedirectUrl': None, 'Type': 1, 'Rating': 99}]",['Hokkien Mee']
61,9516,https://oss.hawkerpedia.com.sg/hawkerpedia/highlight-item/20201108/bwea5SQOz8Un_tanbeng_sf.jpg,Tan Beng Otah Delights,85,Old Airport Road Blk 51,01-74,,Mon - Sun: 9am-6pm,0.0,"[{'Name': 'Otah', 'Description': None, 'Image': '', 'RedirectUrl': None, 'Type': 1, 'Rating': 99}, {'Name': '', 'Description': '', 'Image': 'https://ewr1.vultrobjects.com/hawkerpedia/highlight-item/20201108/bwea5SQOz8Un_tanbeng_sf.jpg', 'RedirectUrl': '', 'Type': 0, 'Rating': 99}]",['Otah']
62,9517,https://oss.hawkerpedia.com.sg/hawkerpedia/highlight-item/20201108/Eeq3RQ1P3ZiD_icedrinks_sf.jpg,Ice Drinks Stall,0,Old Airport Road Blk 51,01-75,,,80.0,"[{'Name': 'Beverages', 'Description': None, 'Image': '', 'RedirectUrl': None, 'Type': 1, 'Rating': 99}, {'Name': '', 'Description': '', 'Image': 'https://ewr1.vultrobjects.com/hawkerpedia/highlight-item/20201108/Eeq3RQ1P3ZiD_icedrinks_sf.jpg', 'RedirectUrl': '', 'Type': 0, 'Rating': 99}]",['Beverages']
63,9518,https://oss.hawkerpedia.com.sg/hawkerpedia/hawker-centre-manually/Blk 51 Old Airport Road/siangkee_sf.jpg,Siang Kee Traditional Pau,68,Old Airport Road Blk 51,01-76,,Mon - Sun: 7am-8pm,72.0,"[{'Name': 'Pau', 'Description': None, 'Image': '', 'RedirectUrl': None, 'Type': 1, 'Rating': 99}, {'Name': 'Yam Cake', 'Description': None, 'Image': '', 'RedirectUrl': None, 'Type': 1, 'Rating': 99}, {'Name': '', 'Description': None, 'Image': 'https://ewr1.vultrobjects.com/hawkerpedia/hawker-centre-manually/Blk 51 Old Airport Road/siangkee_sf.jpg', 'RedirectUrl': None, 'Type': 0, 'Rating': 99}]","['Dim Sum', 'Yam Cake']"
64,9519,https://oss.hawkerpedia.com.sg/hawkerpedia/highlight-item/20201108/youqPagCnwn5_ahyeehongkongroasted_sf.jpg,Ah Yee Hong Kong Roasted,55,Old Airport Road Blk 51,01-77,,"Fri - Wed: 11am-10pm, Closed on Thu",0.0,"[{'Name': 'Roast Meat', 'Description': None, 'Image': '', 'RedirectUrl': None, 'Type': 1, 'Rating': 99}, {'Name': 'Duck Rice', 'Description': None, 'Image': '', 'RedirectUrl': None, 'Type': 1, 'Rating': 99}, {'Name': '', 'Description': '', 'Image': 'https://ewr1.vultrobjects.com/hawkerpedia/highlight-item/20201108/youqPagCnwn5_ahyeehongkongroasted_sf.jpg', 'RedirectUrl': '', 'Type': 0, 'Rating': 99}]","['Braised Meat & Duck', 'Char Siew', 'Siew Yoke', 'Roast Meat', 'Roast Pork', 'Roast Duck']"
65,9520,https://oss.hawkerpedia.com.sg/hawkerpedia/highlight-item/20201108/sYYRkqME3p6J_toapayohsatay_sf.jpg,Toa Payoh Satay,74,Old Airport Road Blk 51,01-78,,,72.0,"[{'Name': 'Satay', 'Description': None, 'Image': '', 'RedirectUrl': None, 'Type': 1, 'Rating': 99}, {'Name': '', 'Description': '', 'Image': 'https://ewr1.vultrobjects.com/hawkerpedia/highlight-item/20201108/sYYRkqME3p6J_toapayohsatay_sf.jpg', 'RedirectUrl': '', 'Type': 0, 'Rating': 99}]",['Satay']
66,9521,https://oss.hawkerpedia.com.sg/hawkerpedia/highlight-item/20201108/MJLeJ1qlzySn_chongpangoldtimeflavour_sf.jpg,Chong Pang Old Time Flavour,65,Old Airport Road Blk 51,01-79,,Mon - Sun: 7am-10.30pm,70.0,"[{'Name': 'Bread', 'Description': None, 'Image': '', 'RedirectUrl': None, 'Type': 1, 'Rating': 99}, {'Name': '', 'Description': '', 'Image': 'https://ewr1.vultrobjects.com/hawkerpedia/highlight-item/20201108/MJLeJ1qlzySn_chongpangoldtimeflavour_sf.jpg', 'RedirectUrl': '', 'Type': 0, 'Rating': 99}]",['Bread']
67,9522,https://oss.hawkerpedia.com.sg/hawkerpedia/highlight-item/20201108/wElvADfGdtbl_freshjuiceiceblend_sf.jpg,QQ Fresh Juice Ice Blend,0,Old Airport Road Blk 51,01-80,,Mon - Sun: 10am-9pm,81.0,"[{'Name': 'Beverages', 'Description': None, 'Image': '', 'RedirectUrl': None, 'Type': 1, 'Rating': 99}, {'Name': 'Fruits', 'Description': None, 'Image': '', 'RedirectUrl': None, 'Type': 1, 'Rating': 99}, {'Name': '', 'Description': '', 'Image': 'https://ewr1.vultrobjects.com/hawkerpedia/highlight-item/20201108/wElvADfGdtbl_freshjuiceiceblend_sf.jpg', 'RedirectUrl': '', 'Type': 0, 'Rating': 99}]","['Beverages', 'Fruits & Juices']"
68,9523,https://oss.hawkerpedia.com.sg/hawkerpedia/hawker-centre-manually/Blk 51 Old Airport Road/xiangji_sf.jpg,Xiang Ji Lor Mee,85,Old Airport Road Blk 51,01-81,,"Wed - Mon: 7am-6pm, Closed on Tue",74.0,"[{'Name': 'Lor Mee', 'Description': None, 'Image': '', 'RedirectUrl': None, 'Type': 1, 'Rating': 99}, {'Name': 'Zha Jiang Mian', 'Description': None, 'Image': '', 'RedirectUrl': None, 'Type': 1, 'Rating': 99}, {'Name': '', 'Description': None, 'Image': 'https://ewr1.vultrobjects.com/hawkerpedia/hawker-centre-manually/Blk 51 Old Airport Road/xiangji_sf.jpg', 'RedirectUrl': None, 'Type': 0, 'Rating': 99}]","['Lor Mee', 'Zha Jiang Mian']"
69,9524,https://oss.hawkerpedia.com.sg/hawkerpedia/hawker-centre-manually/Blk 51 Old Airport Road/meilock_sf.jpg,Mei Lock Soursop Juice,0,Old Airport Road Blk 51,01-82,,"Wed - Mon: 9am-9pm, Closed on Tue",0.0,"[{'Name': 'Beverages', 'Description': None, 'Image': '', 'RedirectUrl': None, 'Type': 1, 'Rating': 99}, {'Name': 'Fruits', 'Description': None, 'Image': '', 'RedirectUrl': None, 'Type': 1, 'Rating': 99}, {'Name': '', 'Description': None, 'Image': 'https://ewr1.vultrobjects.com/hawkerpedia/hawker-centre-manually/Blk 51 Old Airport Road/meilock_sf.jpg', 'RedirectUrl': None, 'Type': 0, 'Rating': 99}]","['Beverages', 'Fruits & Juices']"
70,9525,https://oss.hawkerpedia.com.sg/hawkerpedia/highlight-item/20201108/a592HX9ZeoYw_kallangcantoneseliveprawnnoodle_sf.jpg,Kallang Cantonese Live Prawn Noodle,69,Old Airport Road Blk 51,01-83,,"Mon - Sun: 9am-3pm, 5pm-9pm",0.0,"[{'Name': 'Prawn Noodles', 'Description': None, 'Image': '', 'RedirectUrl': None, 'Type': 1, 'Rating': 99}, {'Name': '', 'Description': '', 'Image': 'https://ewr1.vultrobjects.com/hawkerpedia/highlight-item/20201108/a592HX9ZeoYw_kallangcantoneseliveprawnnoodle_sf.jpg', 'RedirectUrl': '', 'Type': 0, 'Rating': 99}]",['Prawn Noodles']
71,9526,https://oss.hawkerpedia.com.sg/hawkerpedia/hawker-centre-manually/Blk 51 Old Airport Road/chuankee_sf.jpg,Chuan Kee Satay,77,Old Airport Road Blk 51,01-85,,,0.0,"[{'Name': 'Satay', 'Description': None, 'Image': '', 'RedirectUrl': None, 'Type': 1, 'Rating': 99}, {'Name': '', 'Description': None, 'Image': 'https://ewr1.vultrobjects.com/hawkerpedia/hawker-centre-manually/Blk 51 Old Airport Road/chuankee_sf.jpg', 'RedirectUrl': None, 'Type': 0, 'Rating': 99}]",['Satay']
72,9527,https://oss.hawkerpedia.com.sg/hawkerpedia/highlight-item/20201108/vMmIOygT4CGH_honghua_sf.jpg,Hong Hua Tian Ping,68,Old Airport Road Blk 51,01-86,,,0.0,"[{'Name': 'Desserts', 'Description': None, 'Image': '', 'RedirectUrl': None, 'Type': 1, 'Rating': 99}, {'Name': '', 'Description': '', 'Image': 'https://ewr1.vultrobjects.com/hawkerpedia/highlight-item/20201108/vMmIOygT4CGH_honghua_sf.jpg', 'RedirectUrl': '', 'Type': 0, 'Rating': 99}]",['Dessert']
73,9528,https://oss.hawkerpedia.com.sg/hawkerpedia/highlight-item/20201108/CBtUnxOqK4QM_unkaiteppanyakijapanesecuisine_sf.jpg,Unkai Teppanyaki & Japanese Cuisine,68,Old Airport Road Blk 51,01-88,,"Sun - Fri: 11am-10pm, Sat: 4pm-10pm",0.0,"[{'Name': 'Japanese', 'Description': None, 'Image': '', 'RedirectUrl': None, 'Type': 1, 'Rating': 99}, {'Name': '', 'Description': '', 'Image': 'https://ewr1.vultrobjects.com/hawkerpedia/highlight-item/20201108/CBtUnxOqK4QM_unkaiteppanyakijapanesecuisine_sf.jpg', 'RedirectUrl': '', 'Type': 0, 'Rating': 99}]",['Japanese Cuisine']
74,9529,https://oss.hawkerpedia.com.sg/hawkerpedia/hawker-centre-manually/Blk 51 Old Airport Road/chongpanghuat_sf.jpg,Chong Pang Huat,80,Old Airport Road Blk 51,01-90,,Mon - Sun: 4pm-10pm,77.0,"[{'Name': 'BBQ Chicken', 'Description': None, 'Image': '', 'RedirectUrl': None, 'Type': 1, 'Rating': 99}, {'Name': '', 'Description': None, 'Image': 'https://ewr1.vultrobjects.com/hawkerpedia/hawker-centre-manually/Blk 51 Old Airport Road/chongpanghuat_sf.jpg', 'RedirectUrl': None, 'Type': 0, 'Rating': 99}]",['BBQ Chicken']
75,9530,https://oss.hawkerpedia.com.sg/hawkerpedia/hawker-centre-manually/Blk 51 Old Airport Road/xinmei_sf.jpg,Xin Mei Congee,70,Old Airport Road Blk 51,01-91,,Mon - Sun: 8am-9pm,72.0,"[{'Name': 'Porridge', 'Description': None, 'Image': '', 'RedirectUrl': None, 'Type': 1, 'Rating': 99}, {'Name': '', 'Description': None, 'Image': 'https://ewr1.vultrobjects.com/hawkerpedia/hawker-centre-manually/Blk 51 Old Airport Road/xinmei_sf.jpg', 'RedirectUrl': None, 'Type': 0, 'Rating': 99}]",['Porridge']
76,9531,https://oss.hawkerpedia.com.sg/hawkerpedia/hawker-centre-manually/Blk 51 Old Airport Road/chaozhou_sf.jpg,Chao Zhou Yu Zhou Da Pai Dang,69,Old Airport Road Blk 51,01-92,,,66.0,"[{'Name': 'Fish Soup', 'Description': None, 'Image': '', 'RedirectUrl': None, 'Type': 1, 'Rating': 99}, {'Name': '', 'Description': None, 'Image': 'https://ewr1.vultrobjects.com/hawkerpedia/hawker-centre-manually/Blk 51 Old Airport Road/chaozhou_sf.jpg', 'RedirectUrl': None, 'Type': 0, 'Rating': 99}]",['Fish Soup']
77,9532,https://oss.hawkerpedia.com.sg/hawkerpedia/hawker-centre-manually/Blk 51 Old Airport Road/hockguan_sf.jpg,Hock Guan Popiah,55,Old Airport Road Blk 51,01-93,,,75.0,"[{'Name': 'Popiah', 'Description': None, 'Image': '', 'RedirectUrl': None, 'Type': 1, 'Rating': 99}, {'Name': 'Rojak', 'Description': None, 'Image': '', 'RedirectUrl': None, 'Type': 1, 'Rating': 99}, {'Name': '', 'Description': None, 'Image': 'https://ewr1.vultrobjects.com/hawkerpedia/hawker-centre-manually/Blk 51 Old Airport Road/hockguan_sf.jpg', 'RedirectUrl': None, 'Type': 0, 'Rating': 99}]","['Popiah', 'Rojak']"
78,9533,https://oss.hawkerpedia.com.sg/hawkerpedia/hawker-centre-manually/Blk 51 Old Airport Road/fucheng_sf.jpg,Fu Cheng Shi Pin,60,Old Airport Road Blk 51,01-94,,Mon - Sun: 11am-10.30pm,81.0,"[{'Name': 'Popiah', 'Description': None, 'Image': '', 'RedirectUrl': None, 'Type': 1, 'Rating': 99}, {'Name': 'Kueh Pie Ti', 'Description': None, 'Image': '', 'RedirectUrl': None, 'Type': 1, 'Rating': 99}, {'Name': '', 'Description': None, 'Image': 'https://ewr1.vultrobjects.com/hawkerpedia/hawker-centre-manually/Blk 51 Old Airport Road/fucheng_sf.jpg', 'RedirectUrl': None, 'Type': 0, 'Rating': 99}]",['Popiah']
79,9534,https://oss.hawkerpedia.com.sg/hawkerpedia/highlight-item/20201108/OzbOmxH07U8N_houseofdrinks_sf.jpg,House of Drinks,0,Old Airport Road Blk 51,01-95,,"Mon: 11am-11pm, Tue - Sun: 8.30am-Midnight",0.0,"[{'Name': 'Beverages', 'Description': None, 'Image': '', 'RedirectUrl': None, 'Type': 1, 'Rating': 99}, {'Name': '', 'Description': '', 'Image': 'https://ewr1.vultrobjects.com/hawkerpedia/highlight-item/20201108/OzbOmxH07U8N_houseofdrinks_sf.jpg', 'RedirectUrl': '', 'Type': 0, 'Rating': 99}]",['Beverages']
80,9535,https://oss.hawkerpedia.com.sg/hawkerpedia/highlight-item/20201108/fQIsIA8l2CpQ_fortunecurry_sf.jpg,Fortune Curry,55,Old Airport Road Blk 51,01-96,,,0.0,"[{'Name': 'Curry Chicken', 'Description': None, 'Image': '', 'RedirectUrl': None, 'Type': 1, 'Rating': 99}, {'Name': 'Cuttlefish Kang Kong', 'Description': None, 'Image': '', 'RedirectUrl': None, 'Type': 1, 'Rating': 99}, {'Name': '', 'Description': '', 'Image': 'https://ewr1.vultrobjects.com/hawkerpedia/highlight-item/20201108/fQIsIA8l2CpQ_fortunecurry_sf.jpg', 'RedirectUrl': '', 'Type': 0, 'Rating': 99}]","['Curry', 'Cuttlefish Kang Kong']"
81,9536,https://oss.hawkerpedia.com.sg/hawkerpedia/highlight-item/20201123/Eava25EIlV84_KwCwaAiCxeXo_whitleyroadbigprawnnoodle_sf.jpg,Whitley Road Big Prawn Noodle 98,78,Old Airport Road Blk 51,01-98,,"Tue - Sun: 9am-8pm, Closed on Mon",80.0,"[{'Name': 'Prawn Noodles', 'Description': None, 'Image': '', 'RedirectUrl': None, 'Type': 1, 'Rating': 99}, {'Name': '', 'Description': '', 'Image': 'https://ewr1.vultrobjects.com/hawkerpedia/highlight-item/20201123/Eava25EIlV84_KwCwaAiCxeXo_whitleyroadbigprawnnoodle_sf.jpg', 'RedirectUrl': '', 'Type': 0, 'Rating': 99}]",['Prawn Noodles']
82,9537,https://oss.hawkerpedia.com.sg/hawkerpedia/stall/20210826/e2LC2mr7a3Lz_yiji_99_oar.jpeg,Yi Ji Fried Hokkien Prawn Mee,82,Old Airport Road Blk 51,01-99,,Mon - Sun: 3.30pm-9.30pm,0.0,"[{'Name': 'Hokkien Mee', 'Description': None, 'Image': '', 'RedirectUrl': None, 'Type': 1, 'Rating': 99}, {'Name': '', 'Description': None, 'Image': 'https://ewr1.vultrobjects.com/hawkerpedia/hawker-centre-manually/Blk 51 Old Airport Road/yiji_m1.jpg', 'RedirectUrl': None, 'Type': 0, 'Rating': 99}]",['Hokkien Mee']
83,9538,https://oss.hawkerpedia.com.sg/hawkerpedia/highlight-item/20201108/voTeX4oPZUcR_deshengkungfu_sf.jpg,De Sheng Kung Fu,69,Old Airport Road Blk 51,01-100,,,70.0,"[{'Name': 'Oyster Omelette', 'Description': None, 'Image': '', 'RedirectUrl': None, 'Type': 1, 'Rating': 99}, {'Name': 'Carrot Cake', 'Description': None, 'Image': '', 'RedirectUrl': None, 'Type': 1, 'Rating': 99}, {'Name': '', 'Description': '', 'Image': 'https://ewr1.vultrobjects.com/hawkerpedia/highlight-item/20201108/voTeX4oPZUcR_deshengkungfu_sf.jpg', 'RedirectUrl': '', 'Type': 0, 'Rating': 99}]","['Oyster Omelette', 'Carrot Cake']"
84,9539,https://oss.hawkerpedia.com.sg/hawkerpedia/highlight-item/20210330/Go9Qk1pEtNf7_Hawkerpedia Hawker Stall.jpeg,BJ Grill Seafood,80,Old Airport Road Blk 51,01-101,,,0.0,"[{'Name': 'Seafood', 'Description': None, 'Image': '', 'RedirectUrl': None, 'Type': 1, 'Rating': 99}, {'Name': '', 'Description': '', 'Image': 'https://ewr1.vultrobjects.com/hawkerpedia/highlight-item/20210330/Go9Qk1pEtNf7_Hawkerpedia%20Hawker%20Stall.jpeg', 'RedirectUrl': '', 'Type': 0, 'Rating': 99}]",['Seafood']
85,9540,https://oss.hawkerpedia.com.sg/hawkerpedia/highlight-item/20201108/lxSHyxeH9uoc_yizi_sf.jpg,Yi Zi Fried Hokkien Prawn Noodle,71,Old Airport Road Blk 51,01-102,,,0.0,"[{'Name': 'Hokkien Mee', 'Description': None, 'Image': '', 'RedirectUrl': None, 'Type': 1, 'Rating': 99}, {'Name': '', 'Description': '', 'Image': 'https://ewr1.vultrobjects.com/hawkerpedia/highlight-item/20201108/lxSHyxeH9uoc_yizi_sf.jpg', 'RedirectUrl': '', 'Type': 0, 'Rating': 99}]",['Hokkien Mee']
86,9541,https://oss.hawkerpedia.com.sg/hawkerpedia/highlight-item/20201108/BWwEbnSkSKj4_xinkeehotcolddrink_sf.jpg,Xin Kee Hainan Hot & Cold Drink,0,Old Airport Road Blk 51,01-104,,Mon - Sun: 9am-11pm,77.0,"[{'Name': 'Beverages', 'Description': None, 'Image': '', 'RedirectUrl': None, 'Type': 1, 'Rating': 99}, {'Name': '', 'Description': '', 'Image': 'https://ewr1.vultrobjects.com/hawkerpedia/highlight-item/20201108/BWwEbnSkSKj4_xinkeehotcolddrink_sf.jpg', 'RedirectUrl': '', 'Type': 0, 'Rating': 99}]",['Beverages']
87,9542,https://oss.hawkerpedia.com.sg/hawkerpedia/highlight-item/20201108/P9RbAeFbsLic_xinkeehainanesechickenrice_sf.jpg,Xin Kee Hainanese Chicken Rice,70,Old Airport Road Blk 51,01-105,,Mon - Sun: 9am-7pm,0.0,"[{'Name': 'Chicken Rice', 'Description': None, 'Image': '', 'RedirectUrl': None, 'Type': 1, 'Rating': 99}, {'Name': '', 'Description': '', 'Image': 'https://ewr1.vultrobjects.com/hawkerpedia/highlight-item/20201108/P9RbAeFbsLic_xinkeehainanesechickenrice_sf.jpg', 'RedirectUrl': '', 'Type': 0, 'Rating': 99}]",['Chicken Rice & Noodles']
88,9543,https://oss.hawkerpedia.com.sg/hawkerpedia/highlight-item/20201107/uxkk9dllDsGe_mixedporksoup_sf.jpg,Old Airport Road Mixed Pork Soup,70,Old Airport Road Blk 51,01-106,,"Thu - Tue: 11am-9pm, Wed: 6am-11pm",0.0,"[{'Name': 'Pork Organ Soup', 'Description': None, 'Image': '', 'RedirectUrl': None, 'Type': 1, 'Rating': 99}, {'Name': '', 'Description': '', 'Image': 'https://ewr1.vultrobjects.com/hawkerpedia/highlight-item/20201107/uxkk9dllDsGe_mixedporksoup_sf.jpg', 'RedirectUrl': '', 'Type': 0, 'Rating': 99}]",['Pork Organ Soup']
89,9544,https://oss.hawkerpedia.com.sg/hawkerpedia/hawker-centre-manually/Blk 51 Old Airport Road/laobansoyabeancurd_sf.jpg,Lao Ban Soya Beancurd,80,Old Airport Road Blk 51,01-107,,"Tue - Sun: 11am-9pm, Closed on Mon",73.0,"[{'Name': 'Bean Curd', 'Description': None, 'Image': '', 'RedirectUrl': None, 'Type': 1, 'Rating': 99}, {'Name': 'Soya Bean', 'Description': None, 'Image': '', 'RedirectUrl': None, 'Type': 1, 'Rating': 99}, {'Name': '', 'Description': None, 'Image': 'https://ewr1.vultrobjects.com/hawkerpedia/hawker-centre-manually/Blk 51 Old Airport Road/laobansoyabeancurd_sf.jpg', 'RedirectUrl': None, 'Type': 0, 'Rating': 99}]",['Soya Bean']
90,9545,https://oss.hawkerpedia.com.sg/hawkerpedia/hawker-centre-manually/Blk 51 Old Airport Road/toapayohrojak_sf.jpg,Toa Payoh Rojak,83,Old Airport Road Blk 51,01-108,,"Mon - Sat: 12pm-8pm, Closed on Sun",67.0,"[{'Name': 'Rojak', 'Description': None, 'Image': '', 'RedirectUrl': None, 'Type': 1, 'Rating': 99}, {'Name': '', 'Description': None, 'Image': 'https://ewr1.vultrobjects.com/hawkerpedia/hawker-centre-manually/Blk 51 Old Airport Road/toapayohrojak_sf.jpg', 'RedirectUrl': None, 'Type': 0, 'Rating': 99}]",['Rojak']
91,9546,https://oss.hawkerpedia.com.sg/hawkerpedia/hawker-centre-manually/Blk 51 Old Airport Road/shanghai_sf.jpg,Shang Hai Xiao Long Bao,68,Old Airport Road Blk 51,01-109,,"Tue - Sun: 11am-10pm, Closed on Mon",0.0,"[{'Name': 'Dumplings', 'Description': None, 'Image': '', 'RedirectUrl': None, 'Type': 1, 'Rating': 99}, {'Name': '', 'Description': None, 'Image': 'https://ewr1.vultrobjects.com/hawkerpedia/hawker-centre-manually/Blk 51 Old Airport Road/shanghai_sf.jpg', 'RedirectUrl': None, 'Type': 0, 'Rating': 99}]",['Dumplings']
92,9547,https://oss.hawkerpedia.com.sg/hawkerpedia/highlight-item/20201108/yY56kXro4JmF_auntyoatspancake_sf.jpg,Aunty Oats Pancake,72,Old Airport Road Blk 51,01-110,,,0.0,"[{'Name': 'Min Jiang Kueh', 'Description': None, 'Image': '', 'RedirectUrl': None, 'Type': 1, 'Rating': 99}, {'Name': '', 'Description': '', 'Image': 'https://ewr1.vultrobjects.com/hawkerpedia/highlight-item/20201108/yY56kXro4JmF_auntyoatspancake_sf.jpg', 'RedirectUrl': '', 'Type': 0, 'Rating': 99}]",['Min Jiang Kueh']
93,9548,https://oss.hawkerpedia.com.sg/hawkerpedia/highlight-item/20201108/HP5k3QuJxiIp_chuanloobee_sf.jpg,Chuan Loo Bee Hokkien Food,75,Old Airport Road Blk 51,01-111,,,0.0,"[{'Name': 'Zi Char', 'Description': None, 'Image': '', 'RedirectUrl': None, 'Type': 1, 'Rating': 99}, {'Name': '', 'Description': '', 'Image': 'https://ewr1.vultrobjects.com/hawkerpedia/highlight-item/20201108/HP5k3QuJxiIp_chuanloobee_sf.jpg', 'RedirectUrl': '', 'Type': 0, 'Rating': 99}]",['Zi Char']
94,9549,https://oss.hawkerpedia.com.sg/hawkerpedia/highlight-item/20201107/r6kwLo38LpX2_neweasternkimtee_sf.jpg,New Eastern Kim Tee,74,Old Airport Road Blk 51,01-112,,,78.0,"[{'Name': 'BBQ Pork', 'Description': None, 'Image': '', 'RedirectUrl': None, 'Type': 1, 'Rating': 99}, {'Name': 'Fried Prawn Roll', 'Description': None, 'Image': '', 'RedirectUrl': None, 'Type': 1, 'Rating': 99}, {'Name': '', 'Description': '', 'Image': 'https://ewr1.vultrobjects.com/hawkerpedia/highlight-item/20201107/r6kwLo38LpX2_neweasternkimtee_sf.jpg', 'RedirectUrl': '', 'Type': 0, 'Rating': 99}]","['Ngoh Hiang', 'Char Siew', 'Siew Yoke', 'Roast Meat', 'Roast Pork', 'Roast Duck']"
95,9550,https://oss.hawkerpedia.com.sg/hawkerpedia/hawker-centre-manually/Blk 51 Old Airport Road/mingji_sf.jpg,Ming Ji Wanton Noodle,70,Old Airport Road Blk 51,01-113,,,0.0,"[{'Name': 'Wanton Mee', 'Description': None, 'Image': '', 'RedirectUrl': None, 'Type': 1, 'Rating': 99}, {'Name': '', 'Description': None, 'Image': 'https://ewr1.vultrobjects.com/hawkerpedia/hawker-centre-manually/Blk 51 Old Airport Road/mingji_sf.jpg', 'RedirectUrl': None, 'Type': 0, 'Rating': 99}]",['Wanton Mee']
96,9551,https://oss.hawkerpedia.com.sg/hawkerpedia/hawker-centre-manually/Blk 51 Old Airport Road/sugarcanejuice_sf.jpg,Sugarcane Juice,0,Old Airport Road Blk 51,01-114,,Mon - Sun: 8am-10pm,0.0,"[{'Name': 'Beverages', 'Description': None, 'Image': '', 'RedirectUrl': None, 'Type': 1, 'Rating': 99}, {'Name': '', 'Description': None, 'Image': 'https://ewr1.vultrobjects.com/hawkerpedia/hawker-centre-manually/Blk 51 Old Airport Road/sugarcanejuice_sf.jpg', 'RedirectUrl': None, 'Type': 0, 'Rating': 99}]",['Beverages']
97,9552,https://oss.hawkerpedia.com.sg/hawkerpedia/hawker-centre-manually/Blk 51 Old Airport Road/nyonyachendol_sf.jpg,Nyonya Chendol,69,Old Airport Road Blk 51,01-115,,Mon - Sun: 10am - 9.30pm,77.0,"[{'Name': 'Chendol', 'Description': None, 'Image': '', 'RedirectUrl': None, 'Type': 1, 'Rating': 99}, {'Name': '', 'Description': None, 'Image': 'https://ewr1.vultrobjects.com/hawkerpedia/hawker-centre-manually/Blk 51 Old Airport Road/nyonyachendol_sf.jpg', 'RedirectUrl': None, 'Type': 0, 'Rating': 99}]",['Chendol']
98,9553,https://oss.hawkerpedia.com.sg/hawkerpedia/highlight-item/20201108/wS4KPzoARr2w_xinmeixiang_sf.jpg,Xin Mei Xiang Zhen Zong Lor Mee,77,Old Airport Road Blk 51,01-116,,"Fri - Wed: 6am-12.30pm, Closed on Thu",67.0,"[{'Name': 'Lor Mee', 'Description': None, 'Image': '', 'RedirectUrl': None, 'Type': 1, 'Rating': 99}, {'Name': '', 'Description': '', 'Image': 'https://ewr1.vultrobjects.com/hawkerpedia/highlight-item/20201108/wS4KPzoARr2w_xinmeixiang_sf.jpg', 'RedirectUrl': '', 'Type': 0, 'Rating': 99}]",['Lor Mee']
99,9554,https://oss.hawkerpedia.com.sg/hawkerpedia/highlight-item/20201123/o25wlXAwnF74_kcbX1girjWR0_exquisitebeverage_sf.jpg,Exquisite Beverage,0,Old Airport Road Blk 51,01-117,,,70.0,"[{'Name': 'Beverages', 'Description': None, 'Image': '', 'RedirectUrl': None, 'Type': 1, 'Rating': 99}, {'Name': '', 'Description': '', 'Image': 'https://ewr1.vultrobjects.com/hawkerpedia/highlight-item/20201123/o25wlXAwnF74_kcbX1girjWR0_exquisitebeverage_sf.jpg', 'RedirectUrl': '', 'Type': 0, 'Rating': 99}]",['Beverages']
100,9555,https://oss.hawkerpedia.com.sg/hawkerpedia/highlight-item/20201123/560AWbrGacpy_vRY3XaUVwVaT_wenghuayuan_sf.jpg,Weng Hua Yuan Hainanese Chicken Rice  ,65,Old Airport Road Blk 51,01-119,,Mon - Sun: 7am-8pm,0.0,"[{'Name': 'Chicken Rice', 'Description': None, 'Image': '', 'RedirectUrl': None, 'Type': 1, 'Rating': 99}, {'Name': '', 'Description': '', 'Image': 'https://ewr1.vultrobjects.com/hawkerpedia/highlight-item/20201123/560AWbrGacpy_vRY3XaUVwVaT_wenghuayuan_sf.jpg', 'RedirectUrl': '', 'Type': 0, 'Rating': 99}]",['Chicken Rice & Noodles']
101,9556,https://oss.hawkerpedia.com.sg/hawkerpedia/hawker-centre-manually/Blk 51 Old Airport Road/roastparadise_sf.jpg,Roast Paradise,83,Old Airport Road Blk 51,01-121,,"Tue - Sun: 11am-5pm, Closed on Mon",0.0,"[{'Name': 'Roast Meat', 'Description': None, 'Image': '', 'RedirectUrl': None, 'Type': 1, 'Rating': 99}, {'Name': '', 'Description': None, 'Image': 'https://ewr1.vultrobjects.com/hawkerpedia/hawker-centre-manually/Blk 51 Old Airport Road/roastparadise_sf.jpg', 'RedirectUrl': None, 'Type': 0, 'Rating': 99}]","['Char Siew', 'Siew Yoke', 'Roast Meat', 'Roast Pork', 'Roast Duck']"
102,9557,https://oss.hawkerpedia.com.sg/hawkerpedia/highlight-item/20201106/IAYj7hTotgkD_oarseafoodsoup_sf.jpg,OAR Seafood Soup,65,Old Airport Road Blk 51,01-122,,Mon - Sun: 11am-8pm,0.0,"[{'Name': 'Seafood Soup', 'Description': None, 'Image': '', 'RedirectUrl': None, 'Type': 1, 'Rating': 99}, {'Name': '', 'Description': '', 'Image': 'https://ewr1.vultrobjects.com/hawkerpedia/highlight-item/20201106/IAYj7hTotgkD_oarseafoodsoup_sf.jpg', 'RedirectUrl': '', 'Type': 0, 'Rating': 99}]",['Seafood Soup']
103,9558,https://oss.hawkerpedia.com.sg/hawkerpedia/highlight-item/20201123/HLdNBR6EGAjZ_N3vafv12jo8F_hougangjinjia_sf.jpg,Hougang Jin Jia Mutton Soup,68,Old Airport Road Blk 51,01-123,,"Thu - Tue: 9am-10pm, Wed: 11am-11pm",80.0,"[{'Name': 'Mutton Soup (Chinese)', 'Description': None, 'Image': '', 'RedirectUrl': None, 'Type': 1, 'Rating': 99}, {'Name': '', 'Description': '', 'Image': 'https://ewr1.vultrobjects.com/hawkerpedia/highlight-item/20201123/HLdNBR6EGAjZ_N3vafv12jo8F_hougangjinjia_sf.jpg', 'RedirectUrl': '', 'Type': 0, 'Rating': 99}]",['Mutton Soup (Chinese)']
104,9559,https://oss.hawkerpedia.com.sg/hawkerpedia/highlight-item/20201107/obn9KtMb3VHd_tiongbahrulormee_sf.jpg,Tiong Bahru Lor Mee,71,Old Airport Road Blk 51,01-124,,"Thu - Tue: 8.30am-3pm, Closed on Wed",72.0,"[{'Name': 'Lor Mee', 'Description': None, 'Image': '', 'RedirectUrl': None, 'Type': 1, 'Rating': 99}, {'Name': '', 'Description': '', 'Image': 'https://ewr1.vultrobjects.com/hawkerpedia/highlight-item/20201107/obn9KtMb3VHd_tiongbahrulormee_sf.jpg', 'RedirectUrl': '', 'Type': 0, 'Rating': 99}]",['Lor Mee']
105,9560,https://oss.hawkerpedia.com.sg/hawkerpedia/highlight-item/20201107/A4mHtnXsWpp5_mincedmixednoodle_sf.jpg,Minced Mixed Noodle,72,Old Airport Road Blk 51,01-125,,,0.0,"[{'Name': 'Minced Meat Noodles', 'Description': None, 'Image': '', 'RedirectUrl': None, 'Type': 1, 'Rating': 99}, {'Name': '', 'Description': '', 'Image': 'https://ewr1.vultrobjects.com/hawkerpedia/highlight-item/20201107/A4mHtnXsWpp5_mincedmixednoodle_sf.jpg', 'RedirectUrl': '', 'Type': 0, 'Rating': 99}]","['Minced Meat Noodles', 'Bak Chor Mee']"
106,9561,https://oss.hawkerpedia.com.sg/hawkerpedia/hawker-centre-manually/Blk 51 Old Airport Road/wangwang_sf.jpg,Wang Wang Crispy Puff,85,Old Airport Road Blk 51,01-126,,Mon - Sun: 10am-9pm,72.0,"[{'Name': 'Crispy Puffs', 'Description': None, 'Image': '', 'RedirectUrl': None, 'Type': 1, 'Rating': 99}, {'Name': '', 'Description': None, 'Image': 'https://ewr1.vultrobjects.com/hawkerpedia/hawker-centre-manually/Blk 51 Old Airport Road/wangwang_sf.jpg', 'RedirectUrl': None, 'Type': 0, 'Rating': 99}, {'Name': '', 'Description': '', 'Image': 'https://ewr1.vultrobjects.com/hawkerpedia/article/20201113/bA1sKtE7NlID_Curry%20Puff%2012.jpg', 'RedirectUrl': '', 'Type': 0, 'Rating': 99}, {'Name': '', 'Description': '', 'Image': 'https://ewr1.vultrobjects.com/hawkerpedia/article/20201113/61wAkAcyNJw2_sardine%20puff%202.jpg', 'RedirectUrl': '', 'Type': 0, 'Rating': 99}, {'Name': '', 'Description': '', 'Image': 'https://ewr1.vultrobjects.com/hawkerpedia/article/20201106/cJGifNuZnmSd_Screenshot%202020-11-06%20at%205.10.14%20PM.png', 'RedirectUrl': '', 'Type': 0, 'Rating': 99}]",['Curry Puffs']
107,9562,https://oss.hawkerpedia.com.sg/hawkerpedia/highlight-item/20201123/BpZWiK1a7dMK_OGLU73TFVrfH_chishuangshuang_sf.jpg,Chi Shuang Shuang,68,Old Airport Road Blk 51,01-129,,Mon - Sun: 9am-3pm,70.0,"[{'Name': 'Pastries', 'Description': None, 'Image': '', 'RedirectUrl': None, 'Type': 1, 'Rating': 99}, {'Name': 'Deep Fried Durian', 'Description': None, 'Image': '', 'RedirectUrl': None, 'Type': 1, 'Rating': 99}, {'Name': '', 'Description': '', 'Image': 'https://ewr1.vultrobjects.com/hawkerpedia/highlight-item/20201123/BpZWiK1a7dMK_OGLU73TFVrfH_chishuangshuang_sf.jpg', 'RedirectUrl': '', 'Type': 0, 'Rating': 99}]","['Pastries', 'Dessert']"
108,9563,https://oss.hawkerpedia.com.sg/hawkerpedia/highlight-item/20210330/rHx8D7VmL6Zt_Hawkerpedia Hawker Stall.jpeg,Chuan Tong Gu Zao Wei,72,Old Airport Road Blk 51,01-130,,,81.0,"[{'Name': 'Wanton Mee', 'Description': None, 'Image': '', 'RedirectUrl': None, 'Type': 1, 'Rating': 99}, {'Name': 'Laksa', 'Description': None, 'Image': '', 'RedirectUrl': None, 'Type': 1, 'Rating': 99}, {'Name': '', 'Description': None, 'Image': 'https://ewr1.vultrobjects.com/hawkerpedia/highlight-item/20210330/rHx8D7VmL6Zt_Hawkerpedia%20Hawker%20Stall.jpeg', 'RedirectUrl': None, 'Type': 0, 'Rating': 99}]","['Wanton Mee', 'Laksa']"
109,9564,https://oss.hawkerpedia.com.sg/hawkerpedia/highlight-item/20201108/Xkm1iHwLEXN0_chefhonghkbakery _sf.jpg,Chef Hong HK Bakery,66,Old Airport Road Blk 51,01-131,,,74.0,"[{'Name': 'Bread', 'Description': None, 'Image': '', 'RedirectUrl': None, 'Type': 1, 'Rating': 99}, {'Name': '', 'Description': '', 'Image': 'https://ewr1.vultrobjects.com/hawkerpedia/highlight-item/20201108/Xkm1iHwLEXN0_chefhonghkbakery%20_sf.jpg', 'RedirectUrl': '', 'Type': 0, 'Rating': 99}]",['Bread']
110,9565,https://oss.hawkerpedia.com.sg/hawkerpedia/hawker-centre-manually/Blk 51 Old Airport Road/claypotrice_sf.jpg,132 Claypot Rice,74,Old Airport Road Blk 51,01-132,,Mon - Sun: 12.30pm-10.30pm,0.0,"[{'Name': 'Claypot Rice', 'Description': None, 'Image': '', 'RedirectUrl': None, 'Type': 1, 'Rating': 99}, {'Name': '', 'Description': None, 'Image': 'https://ewr1.vultrobjects.com/hawkerpedia/hawker-centre-manually/Blk 51 Old Airport Road/claypotrice_sf.jpg', 'RedirectUrl': None, 'Type': 0, 'Rating': 99}]",['Claypot']
111,9566,https://oss.hawkerpedia.com.sg/hawkerpedia/hawker-centre-manually/Blk 51 Old Airport Road/yiji_sf.jpg,Yi Ji Drinks Stall,0,Old Airport Road Blk 51,01-133,,Mon - Sun: 7am-9.30pm,0.0,"[{'Name': 'Beverages', 'Description': None, 'Image': '', 'RedirectUrl': None, 'Type': 1, 'Rating': 99}, {'Name': '', 'Description': None, 'Image': 'https://ewr1.vultrobjects.com/hawkerpedia/hawker-centre-manually/Blk 51 Old Airport Road/yiji_sf.jpg', 'RedirectUrl': None, 'Type': 0, 'Rating': 99}]",['Beverages']
112,9567,https://oss.hawkerpedia.com.sg/hawkerpedia/highlight-item/20201108/09eEGOLCxvYu_jiasao_sf.jpg,Jia Sao Authentic Hakka Yong Tau Foo,73,Old Airport Road Blk 51,01-134,,,71.0,"[{'Name': 'Yong Tau Foo', 'Description': None, 'Image': '', 'RedirectUrl': None, 'Type': 1, 'Rating': 99}, {'Name': '', 'Description': '', 'Image': 'https://ewr1.vultrobjects.com/hawkerpedia/highlight-item/20201108/09eEGOLCxvYu_jiasao_sf.jpg', 'RedirectUrl': '', 'Type': 0, 'Rating': 99}]",['Yong Tau Foo']
113,9568,https://oss.hawkerpedia.com.sg/hawkerpedia/highlight-item/20201107/mCzOLCq5MKUP_blancocourtfoodcentre_sf.jpg,Blanco Court Food Centre,65,Old Airport Road Blk 51,01-135,,"Wed - Sun: 11am-3pm, Closed on Mon & Tue",0.0,"[{'Name': 'Kway Chap', 'Description': None, 'Image': '', 'RedirectUrl': None, 'Type': 1, 'Rating': 99}, {'Name': '', 'Description': '', 'Image': 'https://ewr1.vultrobjects.com/hawkerpedia/highlight-item/20201107/mCzOLCq5MKUP_blancocourtfoodcentre_sf.jpg', 'RedirectUrl': '', 'Type': 0, 'Rating': 99}]",['Kway Chap']
114,9569,https://oss.hawkerpedia.com.sg/hawkerpedia/highlight-item/20201123/YRiOgorn4kOA_dxbds5FB8Wmd_toricosguoshi_sf.jpg,To-ricos Guo Shi,66,Old Airport Road Blk 51,01-136,,"Wed - Fri: 11am-3pm, Sat & Sun:10.30am-3pm, Closed on Mon & Tue",0.0,"[{'Name': 'Kway Chap', 'Description': None, 'Image': '', 'RedirectUrl': None, 'Type': 1, 'Rating': 99}, {'Name': '', 'Description': '', 'Image': 'https://ewr1.vultrobjects.com/hawkerpedia/highlight-item/20201123/YRiOgorn4kOA_dxbds5FB8Wmd_toricosguoshi_sf.jpg', 'RedirectUrl': '', 'Type': 0, 'Rating': 99}]",['Kway Chap']
115,9570,https://oss.hawkerpedia.com.sg/hawkerpedia/highlight-item/20201123/m6kk6OQwFWNE_j1pakt0b37Ws_blancocourthotcolddesserts_sf.jpg,Blanco Court Hot & Cold Desserts,68,Old Airport Road Blk 51,01-137,,Mon - Sun: 11am-8pm,0.0,"[{'Name': 'Desserts', 'Description': None, 'Image': '', 'RedirectUrl': None, 'Type': 1, 'Rating': 99}, {'Name': '', 'Description': '', 'Image': 'https://ewr1.vultrobjects.com/hawkerpedia/highlight-item/20201123/m6kk6OQwFWNE_j1pakt0b37Ws_blancocourthotcolddesserts_sf.jpg', 'RedirectUrl': '', 'Type': 0, 'Rating': 99}]",['Dessert']
116,9571,https://oss.hawkerpedia.com.sg/hawkerpedia/hawker-centre-manually/Blk 51 Old Airport Road/dongji_sf.jpg,Dong Ji Fried Kway Teow,87,Old Airport Road Blk 51,01-138,,"Mon - Sat: 8am-2pm, 6pm-8.30pm, Closed on Sun",72.0,"[{'Name': 'Char Kway Teow', 'Description': None, 'Image': '', 'RedirectUrl': None, 'Type': 1, 'Rating': 99}, {'Name': '', 'Description': None, 'Image': 'https://ewr1.vultrobjects.com/hawkerpedia/hawker-centre-manually/Blk 51 Old Airport Road/dongji_sf.jpg', 'RedirectUrl': None, 'Type': 0, 'Rating': 99}]",['Char Kway Teow']
117,9572,https://oss.hawkerpedia.com.sg/hawkerpedia/highlight-item/20201123/Ek4KJj8ayNJt_pev1QiJHMPbp_taisengherbalsoup_sf.jpg,Tai Seng Herbal Soup,72,Old Airport Road Blk 51,01-139,,Thu - Tue: 10.30am-7pm,66.0,"[{'Name': 'Herbal Soup', 'Description': None, 'Image': '', 'RedirectUrl': None, 'Type': 1, 'Rating': 99}, {'Name': '', 'Description': '', 'Image': 'https://ewr1.vultrobjects.com/hawkerpedia/highlight-item/20201123/Ek4KJj8ayNJt_pev1QiJHMPbp_taisengherbalsoup_sf.jpg', 'RedirectUrl': '', 'Type': 0, 'Rating': 99}]",['Herbal Soup']
118,9573,https://oss.hawkerpedia.com.sg/hawkerpedia/highlight-item/20201123/Uxsawz9Ytvga_wxU6IZgz5Jho_hechunchashi_sf.jpg,He Chun Cha Shi,0,Old Airport Road Blk 51,01-140,,Mon - Sun: 10am-11pm,75.0,"[{'Name': 'Beverages', 'Description': None, 'Image': '', 'RedirectUrl': None, 'Type': 1, 'Rating': 99}, {'Name': 'Kaya Toast', 'Description': None, 'Image': '', 'RedirectUrl': None, 'Type': 1, 'Rating': 99}, {'Name': '', 'Description': '', 'Image': 'https://ewr1.vultrobjects.com/hawkerpedia/highlight-item/20201123/Uxsawz9Ytvga_wxU6IZgz5Jho_hechunchashi_sf.jpg', 'RedirectUrl': '', 'Type': 0, 'Rating': 99}]","['Beverages', 'Kaya Toast']"
119,9574,https://oss.hawkerpedia.com.sg/hawkerpedia/highlight-item/20201123/MKHsLCwedXpC_hOFDP8E3Q7YL_hockleng_sf.jpg,Hock Leng Satay Bee Hoon,67,Old Airport Road Blk 51,01-141,,"Thu - Sun: 4pm-9pm, Closed on Mon - Wed",81.0,"[{'Name': 'Satay Bee Hoon', 'Description': None, 'Image': '', 'RedirectUrl': None, 'Type': 1, 'Rating': 99}, {'Name': 'Lok Lok', 'Description': None, 'Image': '', 'RedirectUrl': None, 'Type': 1, 'Rating': 99}, {'Name': '', 'Description': '', 'Image': 'https://ewr1.vultrobjects.com/hawkerpedia/highlight-item/20201123/MKHsLCwedXpC_hOFDP8E3Q7YL_hockleng_sf.jpg', 'RedirectUrl': '', 'Type': 0, 'Rating': 99}]","['Satay Bee Hoon', 'Lok Lok']"
120,9575,https://oss.hawkerpedia.com.sg/hawkerpedia/highlight-item/20201123/UxGmf5jUwZbQ_tv905o6F4ep7_fuxin_sf.jpg,Fu Xin Cooked Food,68,Old Airport Road Blk 51,01-142,,Mon - Sun: 10am-6pm,0.0,"[{'Name': 'Teochew Kueh', 'Description': None, 'Image': '', 'RedirectUrl': None, 'Type': 1, 'Rating': 99}, {'Name': '', 'Description': '', 'Image': 'https://ewr1.vultrobjects.com/hawkerpedia/highlight-item/20201123/UxGmf5jUwZbQ_tv905o6F4ep7_fuxin_sf.jpg', 'RedirectUrl': '', 'Type': 0, 'Rating': 99}]",['Teochew Kueh']
121,9576,https://oss.hawkerpedia.com.sg/hawkerpedia/highlight-item/20201123/nu1fb7Ejmu59_Ml1r5Yi3nczS_hebrews_sf.jpg,He Brews,72,Old Airport Road Blk 51,01-143,,,0.0,"[{'Name': 'Ginseng Chicken Soup', 'Description': None, 'Image': '', 'RedirectUrl': None, 'Type': 1, 'Rating': 99}, {'Name': 'Imperial Chicken Soup', 'Description': None, 'Image': '', 'RedirectUrl': None, 'Type': 1, 'Rating': 99}, {'Name': '', 'Description': '', 'Image': 'https://ewr1.vultrobjects.com/hawkerpedia/highlight-item/20201123/nu1fb7Ejmu59_Ml1r5Yi3nczS_hebrews_sf.jpg', 'RedirectUrl': '', 'Type': 0, 'Rating': 99}]",['Herbal Soup']
122,9577,https://oss.hawkerpedia.com.sg/hawkerpedia/highlight-item/20201123/fybUURyUkLDB_nWGZwreAt31E_3rdculturebrewing_sf.jpg,3rd Culture Brewing,0,Old Airport Road Blk 51,01-144,,"Wed - Fri: 6.30pm-10.30pm, Sat: 4.30pm-10.30pm, Sun: 4.30pm-9.30pm, Closed on Mon & Tue",80.0,"[{'Name': 'Beverages', 'Description': None, 'Image': '', 'RedirectUrl': None, 'Type': 1, 'Rating': 99}, {'Name': '', 'Description': '', 'Image': 'https://ewr1.vultrobjects.com/hawkerpedia/highlight-item/20201123/fybUURyUkLDB_nWGZwreAt31E_3rdculturebrewing_sf.jpg', 'RedirectUrl': '', 'Type': 0, 'Rating': 99}]",['Beverages']
123,9578,https://oss.hawkerpedia.com.sg/hawkerpedia/highlight-item/20210330/BL5179dJSilP_Hawkerpedia Hawker Stall.jpeg,Drinks Stall,0,Old Airport Road Blk 51,01-145,,,0.0,"[{'Name': 'Beverages', 'Description': None, 'Image': '', 'RedirectUrl': None, 'Type': 1, 'Rating': 99}, {'Name': '', 'Description': None, 'Image': 'https://ewr1.vultrobjects.com/hawkerpedia/highlight-item/20210330/BL5179dJSilP_Hawkerpedia%20Hawker%20Stall.jpeg', 'RedirectUrl': None, 'Type': 0, 'Rating': 99}]",['Beverages']
124,9579,https://oss.hawkerpedia.com.sg/hawkerpedia/highlight-item/20201125/RMEzfkqOmEiU_nDs7Jc8hqVdR_chyeseng_sf.jpg,Chye Seng Satay,77,Old Airport Road Blk 51,01-146,,Mon - Sun: 5pm-10.30pm,70.0,"[{'Name': 'Satay', 'Description': None, 'Image': '', 'RedirectUrl': None, 'Type': 1, 'Rating': 99}, {'Name': '', 'Description': '', 'Image': 'https://ewr1.vultrobjects.com/hawkerpedia/highlight-item/20201125/RMEzfkqOmEiU_nDs7Jc8hqVdR_chyeseng_sf.jpg', 'RedirectUrl': '', 'Type': 0, 'Rating': 99}]",['Satay']
125,9580,https://oss.hawkerpedia.com.sg/hawkerpedia/highlight-item/20201123/lYyw84gtqssi_b9tDIt1nwdBF_yijiconfinementfoodpalace_sf.jpg,Yi Ji Confinement Food Palace,69,Old Airport Road Blk 51,01-147,,,0.0,"[{'Name': 'Mee Sua', 'Description': None, 'Image': '', 'RedirectUrl': None, 'Type': 1, 'Rating': 99}, {'Name': ""Vinegar Pig's Trotter"", 'Description': None, 'Image': '', 'RedirectUrl': None, 'Type': 1, 'Rating': 99}, {'Name': '', 'Description': '', 'Image': 'https://ewr1.vultrobjects.com/hawkerpedia/highlight-item/20201123/lYyw84gtqssi_b9tDIt1nwdBF_yijiconfinementfoodpalace_sf.jpg', 'RedirectUrl': '', 'Type': 0, 'Rating': 99}]","['Fish Soup', 'Vinegar Trotter']"
126,9581,https://oss.hawkerpedia.com.sg/hawkerpedia/highlight-item/20201123/sVfqGHnJ2Fc5_UIj8G4oVEW0P_laupasatcookedfood_sf.jpg,Lau Pa Sat Cooked Food,72,Old Airport Road Blk 51,01-151,,Mon - Sun: 11am-11pm,0.0,"[{'Name': 'Rojak', 'Description': None, 'Image': '', 'RedirectUrl': None, 'Type': 1, 'Rating': 99}, {'Name': 'BBQ You Tiao', 'Description': None, 'Image': '', 'RedirectUrl': None, 'Type': 1, 'Rating': 99}, {'Name': '', 'Description': '', 'Image': 'https://ewr1.vultrobjects.com/hawkerpedia/highlight-item/20201123/sVfqGHnJ2Fc5_UIj8G4oVEW0P_laupasatcookedfood_sf.jpg', 'RedirectUrl': '', 'Type': 0, 'Rating': 99}]","['Rojak', 'Zi Char']"
127,9582,https://oss.hawkerpedia.com.sg/hawkerpedia/highlight-item/20201123/4eNIsT7dHrgY_f4fEgUjBxVk2_thiamsengseafood_sf.jpg,Thiam Seng Seafood,72,Old Airport Road Blk 51,01-152,,Mon - Sun: 4pm-11pm,77.0,"[{'Name': 'Seafood', 'Description': None, 'Image': '', 'RedirectUrl': None, 'Type': 1, 'Rating': 99}, {'Name': '', 'Description': '', 'Image': 'https://ewr1.vultrobjects.com/hawkerpedia/highlight-item/20201123/4eNIsT7dHrgY_f4fEgUjBxVk2_thiamsengseafood_sf.jpg', 'RedirectUrl': '', 'Type': 0, 'Rating': 99}]",['Seafood']
128,9583,https://oss.hawkerpedia.com.sg/hawkerpedia/highlight-item/20201123/jfGbwJXFTveI_5W5ybJdxXKPA_jimmyscorner_sf.jpg,Jimmy's Corner,0,Old Airport Road Blk 51,01-153,,"Mon: 8pm-11pm, Tue - Sun: 6.30am-1am",0.0,"[{'Name': 'Beverages', 'Description': None, 'Image': '', 'RedirectUrl': None, 'Type': 1, 'Rating': 99}, {'Name': '', 'Description': '', 'Image': 'https://ewr1.vultrobjects.com/hawkerpedia/highlight-item/20201123/jfGbwJXFTveI_5W5ybJdxXKPA_jimmyscorner_sf.jpg', 'RedirectUrl': '', 'Type': 0, 'Rating': 99}]",['Beverages']
129,9584,https://oss.hawkerpedia.com.sg/hawkerpedia/hawker-centre-manually/Blk 51 Old Airport Road/laojie_sf.jpg,Lao Jie Spinach Soup,69,Old Airport Road Blk 51,01-154,,,0.0,"[{'Name': 'Spinach Soup', 'Description': None, 'Image': '', 'RedirectUrl': None, 'Type': 1, 'Rating': 99}, {'Name': '', 'Description': None, 'Image': 'https://ewr1.vultrobjects.com/hawkerpedia/hawker-centre-manually/Blk 51 Old Airport Road/laojie_sf.jpg', 'RedirectUrl': None, 'Type': 0, 'Rating': 99}]",['Spinach Soup']
130,9585,https://oss.hawkerpedia.com.sg/hawkerpedia/highlight-item/20201108/tZZcyrGLjne4_freshlymadecongee_sf.jpg,Freshly Made Congee,66,Old Airport Road Blk 51,01-155,,Mon - Sun: 7am-8pm,73.0,"[{'Name': 'Porridge', 'Description': None, 'Image': '', 'RedirectUrl': None, 'Type': 1, 'Rating': 99}, {'Name': 'Chee Cheong Fun', 'Description': None, 'Image': '', 'RedirectUrl': None, 'Type': 1, 'Rating': 99}, {'Name': '', 'Description': '', 'Image': 'https://ewr1.vultrobjects.com/hawkerpedia/highlight-item/20201108/tZZcyrGLjne4_freshlymadecongee_sf.jpg', 'RedirectUrl': '', 'Type': 0, 'Rating': 99}]","['Porridge', 'Chee Cheong Fun']"
131,9586,https://oss.hawkerpedia.com.sg/hawkerpedia/highlight-item/20201108/KcYAvyBeuuGf_caitoukueh_sf.jpg,Cai Tou Kueh,70,Old Airport Road Blk 51,01-156,,Mon - Sun: 8am-8pm,67.0,"[{'Name': 'Carrot Cake', 'Description': None, 'Image': '', 'RedirectUrl': None, 'Type': 1, 'Rating': 99}, {'Name': 'Popiah', 'Description': None, 'Image': '', 'RedirectUrl': None, 'Type': 1, 'Rating': 99}, {'Name': '', 'Description': '', 'Image': 'https://ewr1.vultrobjects.com/hawkerpedia/highlight-item/20201108/KcYAvyBeuuGf_caitoukueh_sf.jpg', 'RedirectUrl': '', 'Type': 0, 'Rating': 99}]","['Carrot Cake', 'Popiah']"
132,9587,https://oss.hawkerpedia.com.sg/hawkerpedia/highlight-item/20201123/UICKLfpLBUeC_2ubVniP9ymHB_mygenie_sf.jpg,My Genie,71,Old Airport Road Blk 51,01-157,,Mon - Sun: 8am-9pm,70.0,"[{'Name': 'Teochew Kueh', 'Description': None, 'Image': '', 'RedirectUrl': None, 'Type': 1, 'Rating': 99}, {'Name': 'Curry Puff', 'Description': None, 'Image': '', 'RedirectUrl': None, 'Type': 1, 'Rating': 99}, {'Name': '', 'Description': '', 'Image': 'https://ewr1.vultrobjects.com/hawkerpedia/highlight-item/20201123/UICKLfpLBUeC_2ubVniP9ymHB_mygenie_sf.jpg', 'RedirectUrl': '', 'Type': 0, 'Rating': 99}]","['Teochew Kueh', 'Curry Puffs']"
133,9588,https://oss.hawkerpedia.com.sg/hawkerpedia/highlight-item/20201123/LudNOiBQHbj3_a18Ohs4FlCoU_tongxingroasted_sf.jpg,Tong Xing Roasted,78,Old Airport Road Blk 51,01-158,,Mon - Sun: 8am-7pm,72.0,"[{'Name': 'Roast Meat', 'Description': None, 'Image': '', 'RedirectUrl': None, 'Type': 1, 'Rating': 99}, {'Name': 'Duck Rice', 'Description': None, 'Image': '', 'RedirectUrl': None, 'Type': 1, 'Rating': 99}, {'Name': '', 'Description': '', 'Image': 'https://ewr1.vultrobjects.com/hawkerpedia/highlight-item/20201123/LudNOiBQHbj3_a18Ohs4FlCoU_tongxingroasted_sf.jpg', 'RedirectUrl': '', 'Type': 0, 'Rating': 99}]","['Braised Meat & Duck', 'Char Siew', 'Siew Yoke', 'Roast Meat', 'Roast Pork', 'Roast Duck']"
134,9589,https://oss.hawkerpedia.com.sg/hawkerpedia/highlight-item/20201123/mrDEj7miQEIc_x8ow3AMK0kIn_phomientay_sf.jpg,Pho Mien Tay Vietnamese Food,85,Old Airport Road Blk 51,01-160,,,78.0,"[{'Name': 'Vietnamese', 'Description': None, 'Image': '', 'RedirectUrl': None, 'Type': 1, 'Rating': 99}, {'Name': '', 'Description': '', 'Image': 'https://ewr1.vultrobjects.com/hawkerpedia/highlight-item/20201123/mrDEj7miQEIc_x8ow3AMK0kIn_phomientay_sf.jpg', 'RedirectUrl': '', 'Type': 0, 'Rating': 99}]",['Vietnamese Cuisine']
135,9590,https://oss.hawkerpedia.com.sg/hawkerpedia/highlight-item/20201123/IxRil4aHJP3W_yxdEOEXphHBj_yummythai_sf.jpg,Yummy Thai (Thai Cuisine),69,Old Airport Road Blk 51,01-161,,,68.0,"[{'Name': 'Thai', 'Description': None, 'Image': '', 'RedirectUrl': None, 'Type': 1, 'Rating': 99}, {'Name': '', 'Description': '', 'Image': 'https://ewr1.vultrobjects.com/hawkerpedia/highlight-item/20201123/IxRil4aHJP3W_yxdEOEXphHBj_yummythai_sf.jpg', 'RedirectUrl': '', 'Type': 0, 'Rating': 99}]",['Thai']
136,9591,https://oss.hawkerpedia.com.sg/hawkerpedia/highlight-item/20210330/rgoPyuDu0KAe_obg9EH5jjPXZ_J.%20%26%20J.%20Special%20Beef%20Noodle%20%40%20Old%20Airport%20Road%20Blk%2051.jpg,J. & J. Special Beef Noodle,71,Old Airport Road Blk 51,01-162,,"Tue - Sun: 10.30am-7pm, Closed on Mon",74.0,"[{'Name': 'Beef Noodles', 'Description': None, 'Image': '', 'RedirectUrl': None, 'Type': 1, 'Rating': 99}, {'Name': '', 'Description': '', 'Image': 'https://ewr1.vultrobjects.com/hawkerpedia/highlight-item/20210330/rgoPyuDu0KAe_obg9EH5jjPXZ_J.%2520%2526%2520J.%2520Special%2520Beef%2520Noodle%2520%2540%2520Old%2520Airport%2520Road%2520Blk%252051.jpg', 'RedirectUrl': '', 'Type': 0, 'Rating': 99}]",['Beef Noodles']
137,9592,https://oss.hawkerpedia.com.sg/hawkerpedia/hawker-centre-manually/Blk 51 Old Airport Road/hin_sf.jpg,"Hin Fried Hor Fun with Prawn, Beef, Sliced Fish",85,Old Airport Road Blk 51,01-163,,,77.0,"[{'Name': 'Hor Fun', 'Description': None, 'Image': '', 'RedirectUrl': None, 'Type': 1, 'Rating': 99}, {'Name': '', 'Description': None, 'Image': 'https://ewr1.vultrobjects.com/hawkerpedia/hawker-centre-manually/Blk 51 Old Airport Road/hin_sf.jpg', 'RedirectUrl': None, 'Type': 0, 'Rating': 99}]",['Hor Fun']
138,9593,https://oss.hawkerpedia.com.sg/hawkerpedia/highlight-item/20201108/0QNxfV4eh871_bakesnbites_sf.jpg,Bakes n Bites,67,Old Airport Road Blk 51,01-164,,"Mon: 2pm-9.30pm, Tue - Sat: 11.30am-9.30pm, Sun: 9.30am-9.30pm",67.0,"[{'Name': 'Bread', 'Description': None, 'Image': '', 'RedirectUrl': None, 'Type': 1, 'Rating': 99}, {'Name': '', 'Description': '', 'Image': 'https://ewr1.vultrobjects.com/hawkerpedia/highlight-item/20201108/0QNxfV4eh871_bakesnbites_sf.jpg', 'RedirectUrl': '', 'Type': 0, 'Rating': 99}]",['Bread']
139,9594,https://oss.hawkerpedia.com.sg/hawkerpedia/highlight-item/20201108/Qt4AwGoFHRGr_hougangotah_sf.jpg,Hougang Otah,68,Old Airport Road Blk 51,01-166,,,70.0,"[{'Name': 'Otah', 'Description': None, 'Image': '', 'RedirectUrl': None, 'Type': 1, 'Rating': 99}, {'Name': '', 'Description': '', 'Image': 'https://ewr1.vultrobjects.com/hawkerpedia/highlight-item/20201108/Qt4AwGoFHRGr_hougangotah_sf.jpg', 'RedirectUrl': '', 'Type': 0, 'Rating': 99}]",['Otah']
140,12180,https://oss.hawkerpedia.com.sg/hawkerpedia/highlight-item/20210330/fxQeEsdcMC5X_Hua Ji XO Fish Head Bee Hoon @ Old Airport Road Blk 51.jpg,Hua Ji XO Fish Head Bee Hoon,80,Old Airport Road Blk 51,01-118,,"Fri - Wed: 12.30pm-10pm, Closed on Thu",0.0,"[{'Name': '', 'Description': '', 'Image': 'https://ewr1.vultrobjects.com/hawkerpedia/highlight-item/20210330/fxQeEsdcMC5X_Hua%20Ji%20XO%20Fish%20Head%20Bee%20Hoon%20%40%20Old%20Airport%20Road%20Blk%2051.jpg', 'RedirectUrl': '', 'Type': 0, 'Rating': 99}, {'Name': 'Fish Head Bee Hoon', 'Description': '', 'Image': '', 'RedirectUrl': '', 'Type': 1, 'Rating': 99}]",['Fish Bee Hoon']
141,12201,https://oss.hawkerpedia.com.sg/hawkerpedia/highlight-item/20210330/YIAYniAbqALq_Hawkerpedia Hawker Stall.jpeg,China Street Fritters ,69,Old Airport Road Blk 51,01-64,,,69.0,"[{'Name': 'Ngoh Hiang', 'Description': '', 'Image': '', 'RedirectUrl': '', 'Type': 1, 'Rating': 99}, {'Name': '', 'Description': '', 'Image': 'https://ewr1.vultrobjects.com/hawkerpedia/highlight-item/20210330/YIAYniAbqALq_Hawkerpedia%20Hawker%20Stall.jpeg', 'RedirectUrl': '', 'Type': 0, 'Rating': 99}]",['Ngoh Hiang']
142,12202,https://oss.hawkerpedia.com.sg/hawkerpedia/highlight-item/20210330/NYb8j42Tk8DK_Cho Kee @ Old Airport Road Blk 51.jpg,Cho Kee Noodle,80,Old Airport Road Blk 51,01-04,,"Mon - Sat: 11am-11pm, Sun: 10am-10pm",0.0,"[{'Name': 'Wanton Mee', 'Description': '', 'Image': '', 'RedirectUrl': '', 'Type': 1, 'Rating': 99}, {'Name': '', 'Description': '', 'Image': 'https://ewr1.vultrobjects.com/hawkerpedia/highlight-item/20210330/NYb8j42Tk8DK_Cho%20Kee%20%40%20Old%20Airport%20Road%20Blk%2051.jpg', 'RedirectUrl': '', 'Type': 0, 'Rating': 99}]",['Wanton Mee']
143,12203,https://oss.hawkerpedia.com.sg/hawkerpedia/highlight-item/20210330/OVzCFLcPQCRZ_Pasta Risotto @ Old Airport Road Blk 51.jpg,Pasta Risotto,60,Old Airport Road Blk 51,01-09,,"Fri - Wed: 11am-10pm, Closed on Thu",80.0,"[{'Name': 'Pasta', 'Description': '', 'Image': '', 'RedirectUrl': '', 'Type': 1, 'Rating': 99}, {'Name': '', 'Description': '', 'Image': 'https://ewr1.vultrobjects.com/hawkerpedia/highlight-item/20210330/OVzCFLcPQCRZ_Pasta%20Risotto%20%40%20Old%20Airport%20Road%20Blk%2051.jpg', 'RedirectUrl': '', 'Type': 0, 'Rating': 99}]",['Western Cuisine']
144,12204,https://oss.hawkerpedia.com.sg/hawkerpedia/highlight-item/20210330/TrskUUAlj6MA_Kah Ping Ri Ye Xiang @ Old Airport Road Blk 51.jpg,Kah Ping Ri Ye Xiang,76,Old Airport Road Blk 51,01-87,,"Thu - Mon: 12pm-10pm, Closed on Tue & Wed",72.0,"[{'Name': 'Rojak', 'Description': '', 'Image': '', 'RedirectUrl': '', 'Type': 1, 'Rating': 99}, {'Name': '', 'Description': '', 'Image': 'https://ewr1.vultrobjects.com/hawkerpedia/highlight-item/20210330/TrskUUAlj6MA_Kah%20Ping%20Ri%20Ye%20Xiang%20%40%20Old%20Airport%20Road%20Blk%2051.jpg', 'RedirectUrl': '', 'Type': 0, 'Rating': 99}]",['Rojak']
145,12205,https://oss.hawkerpedia.com.sg/hawkerpedia/highlight-item/20210330/PePQ9GHpZU8A_Salt @ Old Airport Road Blk 51.jpg,Salt.,79,Old Airport Road Blk 51,01-128,,"Sat - Thu: 12pm-2.30pm, 5pm-9pm, Closed on Fri",0.0,"[{'Name': 'Chicken Wing', 'Description': '', 'Image': '', 'RedirectUrl': '', 'Type': 1, 'Rating': 99}, {'Name': 'Pasta', 'Description': '', 'Image': '', 'RedirectUrl': '', 'Type': 1, 'Rating': 99}, {'Name': '', 'Description': '', 'Image': 'https://ewr1.vultrobjects.com/hawkerpedia/highlight-item/20210330/PePQ9GHpZU8A_Salt%20%40%20Old%20Airport%20Road%20Blk%2051.jpg', 'RedirectUrl': '', 'Type': 0, 'Rating': 99}]",['Western Cuisine']
